Date,Round,Venue,Result,GF,GA,Opponent,xG_x,xGA,Poss,Formation,Opp Formation,match_id,Goals,Shots,Shots on Target,SoT%,Goals per Shot,Goals per SoT,Shot Distance,Free Kicks,Penalty Goals,Penalty Attempts,Expected Goals,Non-Penalty xG,NP xG per Shot,G-xG,NP:G-xG,Min,Gls,Ast,PK,PKatt,Sh,SoT,CrdY,CrdR,Touches,Tkl,Int,Blocks,Player_xG,npxG,xAG,SCA,GCA,PassCmp,PassAttm,PassCmp%,PrgPass,Carries,PrgCarries,TakeonsAtt,TakeonsSucc,Goal_xG,Minute,Body Part,Assist,Goalkeeper,Notes,minute,result,X,Y,shot_xG,player,situation,season,shotType,player_assisted,lastAction,time,squad,opponent_shot
2023-08-11,Matchweek 1,Away,W,3,0,Burnley,1.9,0.3,65,4-2-3-1,5-4-1,1,3,17,8,47.1,0.18,0.38,13.9,0,0,0,1.9,1.9,0.12,1.1,1.1,79,2,0,0,0,4,2,0,0,18,0,0,0,0.6,0.6,0.3,3,0,9,11,81.8,1,15,1,0,0,0.14,36,Left Foot,Julián Álvarez,James Trafford,None,3.0,Goal,0.936999969482422,0.5059999847412109,0.5058456659317017,Erling Haaland,FromCorner,2023.0,LeftFoot,Rodri,HeadPass,19:00:00,Manchester City,Burnley
2023-08-11,Matchweek 1,Away,W,3,0,Burnley,1.9,0.3,65,4-2-3-1,5-4-1,1,3,17,8,47.1,0.18,0.38,13.9,0,0,0,1.9,1.9,0.12,1.1,1.1,79,2,0,0,0,4,2,0,0,18,0,0,0,0.6,0.6,0.3,3,0,9,11,81.8,1,15,1,0,0,0.14,36,Left Foot,Julián Álvarez,James Trafford,None,10.0,MissedShots,0.9519999694824218,0.4209999847412109,0.1302468031644821,Erling Haaland,OpenPlay,2023.0,RightFoot,Kevin De Bruyne,Cross,19:00:00,Manchester City,Burnley
2023-08-11,Matchweek 1,Away,W,3,0,Burnley,1.9,0.3,65,4-2-3-1,5-4-1,1,3,17,8,47.1,0.18,0.38,13.9,0,0,0,1.9,1.9,0.12,1.1,1.1,79,2,0,0,0,4,2,0,0,18,0,0,0,0.6,0.6,0.3,3,0,9,11,81.8,1,15,1,0,0,0.14,36,Left Foot,Julián Álvarez,James Trafford,None,35.0,Goal,0.8909999847412109,0.385,0.1132136583328247,Erling Haaland,OpenPlay,2023.0,LeftFoot,Julián Álvarez,Pass,19:00:00,Manchester City,Burnley
2023-08-11,Matchweek 1,Away,W,3,0,Burnley,1.9,0.3,65,4-2-3-1,5-4-1,1,3,17,8,47.1,0.18,0.38,13.9,0,0,0,1.9,1.9,0.12,1.1,1.1,79,2,0,0,0,4,2,0,0,18,0,0,0,0.6,0.6,0.3,3,0,9,11,81.8,1,15,1,0,0,0.14,36,Left Foot,Julián Álvarez,James Trafford,None,51.0,BlockedShot,0.9440000152587892,0.6819999694824219,0.1327562630176544,Erling Haaland,OpenPlay,2023.0,LeftFoot,Julián Álvarez,Throughball,19:00:00,Manchester City,Burnley
2023-08-11,Matchweek 1,Away,W,3,0,Burnley,1.9,0.3,65,4-2-3-1,5-4-1,1,3,17,8,47.1,0.18,0.38,13.9,0,0,0,1.9,1.9,0.12,1.1,1.1,79,2,0,0,0,4,2,0,0,18,0,0,0,0.6,0.6,0.3,3,0,9,11,81.8,1,15,1,0,0,0.17,4,Left Foot,Rodri,James Trafford,Volley,3.0,Goal,0.936999969482422,0.5059999847412109,0.5058456659317017,Erling Haaland,FromCorner,2023.0,LeftFoot,Rodri,HeadPass,19:00:00,Manchester City,Burnley
2023-08-11,Matchweek 1,Away,W,3,0,Burnley,1.9,0.3,65,4-2-3-1,5-4-1,1,3,17,8,47.1,0.18,0.38,13.9,0,0,0,1.9,1.9,0.12,1.1,1.1,79,2,0,0,0,4,2,0,0,18,0,0,0,0.6,0.6,0.3,3,0,9,11,81.8,1,15,1,0,0,0.17,4,Left Foot,Rodri,James Trafford,Volley,10.0,MissedShots,0.9519999694824218,0.4209999847412109,0.1302468031644821,Erling Haaland,OpenPlay,2023.0,RightFoot,Kevin De Bruyne,Cross,19:00:00,Manchester City,Burnley
2023-08-11,Matchweek 1,Away,W,3,0,Burnley,1.9,0.3,65,4-2-3-1,5-4-1,1,3,17,8,47.1,0.18,0.38,13.9,0,0,0,1.9,1.9,0.12,1.1,1.1,79,2,0,0,0,4,2,0,0,18,0,0,0,0.6,0.6,0.3,3,0,9,11,81.8,1,15,1,0,0,0.17,4,Left Foot,Rodri,James Trafford,Volley,35.0,Goal,0.8909999847412109,0.385,0.1132136583328247,Erling Haaland,OpenPlay,2023.0,LeftFoot,Julián Álvarez,Pass,19:00:00,Manchester City,Burnley
2023-08-11,Matchweek 1,Away,W,3,0,Burnley,1.9,0.3,65,4-2-3-1,5-4-1,1,3,17,8,47.1,0.18,0.38,13.9,0,0,0,1.9,1.9,0.12,1.1,1.1,79,2,0,0,0,4,2,0,0,18,0,0,0,0.6,0.6,0.3,3,0,9,11,81.8,1,15,1,0,0,0.17,4,Left Foot,Rodri,James Trafford,Volley,51.0,BlockedShot,0.9440000152587892,0.6819999694824219,0.1327562630176544,Erling Haaland,OpenPlay,2023.0,LeftFoot,Julián Álvarez,Throughball,19:00:00,Manchester City,Burnley
2023-08-19,Matchweek 2,Home,W,1,0,Newcastle Utd,1.0,0.3,59,4-2-3-1,4-3-3,2,1,14,4,28.6,0.07,0.25,17.9,0,0,0,1.0,1.0,0.07,0.0,0.0,90,0,0,0,0,4,2,0,0,22,0,1,1,0.4,0.4,0.1,2,0,6,11,54.5,1,15,3,1,0,0.0,0,None,None,None,None,40.0,MissedShots,0.8619999694824219,0.62,0.0904695987701416,Erling Haaland,OpenPlay,2023.0,LeftFoot,Phil Foden,Pass,19:00:00,Manchester City,Newcastle United
2023-08-19,Matchweek 2,Home,W,1,0,Newcastle Utd,1.0,0.3,59,4-2-3-1,4-3-3,2,1,14,4,28.6,0.07,0.25,17.9,0,0,0,1.0,1.0,0.07,0.0,0.0,90,0,0,0,0,4,2,0,0,22,0,1,1,0.4,0.4,0.1,2,0,6,11,54.5,1,15,3,1,0,0.0,0,None,None,None,None,49.0,SavedShot,0.8640000152587891,0.5870000076293945,0.0861922055482864,Erling Haaland,OpenPlay,2023.0,LeftFoot,,,19:00:00,Manchester City,Newcastle United
2023-08-19,Matchweek 2,Home,W,1,0,Newcastle Utd,1.0,0.3,59,4-2-3-1,4-3-3,2,1,14,4,28.6,0.07,0.25,17.9,0,0,0,1.0,1.0,0.07,0.0,0.0,90,0,0,0,0,4,2,0,0,22,0,1,1,0.4,0.4,0.1,2,0,6,11,54.5,1,15,3,1,0,0.0,0,None,None,None,None,62.0,MissedShots,0.87,0.53,0.1247357055544853,Erling Haaland,OpenPlay,2023.0,LeftFoot,Phil Foden,Pass,19:00:00,Manchester City,Newcastle United
2023-08-19,Matchweek 2,Home,W,1,0,Newcastle Utd,1.0,0.3,59,4-2-3-1,4-3-3,2,1,14,4,28.6,0.07,0.25,17.9,0,0,0,1.0,1.0,0.07,0.0,0.0,90,0,0,0,0,4,2,0,0,22,0,1,1,0.4,0.4,0.1,2,0,6,11,54.5,1,15,3,1,0,0.0,0,None,None,None,None,64.0,SavedShot,0.895,0.3629999923706055,0.1065842360258102,Erling Haaland,OpenPlay,2023.0,RightFoot,Phil Foden,Pass,19:00:00,Manchester City,Newcastle United
2023-08-27,Matchweek 3,Away,W,2,1,Sheffield Utd,3.5,0.7,79,4-2-3-1,3-5-2,3,2,29,9,31.0,0.07,0.22,17.3,2,0,1,3.5,2.8,0.1,-1.5,-0.8,90,1,0,0,1,7,3,0,0,23,0,0,0,2.1,1.3,0.1,2,1,6,11,54.5,0,15,0,1,1,0.21,63,Head,Jack Grealish,Wes Foderingham,None,7.0,MissedShots,0.8880000305175781,0.4279999923706055,0.0424993485212326,Erling Haaland,OpenPlay,2023.0,Head,Bernardo Silva,Cross,13:00:00,Manchester City,Sheffield United
2023-08-27,Matchweek 3,Away,W,2,1,Sheffield Utd,3.5,0.7,79,4-2-3-1,3-5-2,3,2,29,9,31.0,0.07,0.22,17.3,2,0,1,3.5,2.8,0.1,-1.5,-0.8,90,1,0,0,1,7,3,0,0,23,0,0,0,2.1,1.3,0.1,2,1,6,11,54.5,0,15,0,1,1,0.21,63,Head,Jack Grealish,Wes Foderingham,None,11.0,SavedShot,0.904000015258789,0.5329999923706055,0.0838533341884613,Erling Haaland,OpenPlay,2023.0,Head,Julián Álvarez,Cross,13:00:00,Manchester City,Sheffield United
2023-08-27,Matchweek 3,Away,W,2,1,Sheffield Utd,3.5,0.7,79,4-2-3-1,3-5-2,3,2,29,9,31.0,0.07,0.22,17.3,2,0,1,3.5,2.8,0.1,-1.5,-0.8,90,1,0,0,1,7,3,0,0,23,0,0,0,2.1,1.3,0.1,2,1,6,11,54.5,0,15,0,1,1,0.21,63,Head,Jack Grealish,Wes Foderingham,None,12.0,BlockedShot,0.9230000305175782,0.6220000076293946,0.0481563918292522,Erling Haaland,FromCorner,2023.0,LeftFoot,Julián Álvarez,Cross,13:00:00,Manchester City,Sheffield United
2023-08-27,Matchweek 3,Away,W,2,1,Sheffield Utd,3.5,0.7,79,4-2-3-1,3-5-2,3,2,29,9,31.0,0.07,0.22,17.3,2,0,1,3.5,2.8,0.1,-1.5,-0.8,90,1,0,0,1,7,3,0,0,23,0,0,0,2.1,1.3,0.1,2,1,6,11,54.5,0,15,0,1,1,0.21,63,Head,Jack Grealish,Wes Foderingham,None,36.0,ShotOnPost,0.885,0.5,0.7611688375473022,Erling Haaland,Penalty,2023.0,LeftFoot,,Standard,13:00:00,Manchester City,Sheffield United
2023-08-27,Matchweek 3,Away,W,2,1,Sheffield Utd,3.5,0.7,79,4-2-3-1,3-5-2,3,2,29,9,31.0,0.07,0.22,17.3,2,0,1,3.5,2.8,0.1,-1.5,-0.8,90,1,0,0,1,7,3,0,0,23,0,0,0,2.1,1.3,0.1,2,1,6,11,54.5,0,15,0,1,1,0.21,63,Head,Jack Grealish,Wes Foderingham,None,50.0,MissedShots,0.9159999847412108,0.509000015258789,0.1200757026672363,Erling Haaland,OpenPlay,2023.0,RightFoot,Kyle Walker,Cross,13:00:00,Manchester City,Sheffield United
2023-08-27,Matchweek 3,Away,W,2,1,Sheffield Utd,3.5,0.7,79,4-2-3-1,3-5-2,3,2,29,9,31.0,0.07,0.22,17.3,2,0,1,3.5,2.8,0.1,-1.5,-0.8,90,1,0,0,1,7,3,0,0,23,0,0,0,2.1,1.3,0.1,2,1,6,11,54.5,0,15,0,1,1,0.21,63,Head,Jack Grealish,Wes Foderingham,None,60.0,SavedShot,0.926999969482422,0.6,0.3865675032138824,Erling Haaland,OpenPlay,2023.0,LeftFoot,Mateo Kovacic,Pass,13:00:00,Manchester City,Sheffield United
2023-08-27,Matchweek 3,Away,W,2,1,Sheffield Utd,3.5,0.7,79,4-2-3-1,3-5-2,3,2,29,9,31.0,0.07,0.22,17.3,2,0,1,3.5,2.8,0.1,-1.5,-0.8,90,1,0,0,1,7,3,0,0,23,0,0,0,2.1,1.3,0.1,2,1,6,11,54.5,0,15,0,1,1,0.21,63,Head,Jack Grealish,Wes Foderingham,None,62.0,Goal,0.965999984741211,0.439000015258789,0.5121867656707764,Erling Haaland,OpenPlay,2023.0,Head,Jack Grealish,Cross,13:00:00,Manchester City,Sheffield United
2023-08-27,Matchweek 3,Away,W,2,1,Sheffield Utd,3.5,0.7,79,4-2-3-1,3-5-2,3,2,29,9,31.0,0.07,0.22,17.3,2,0,1,3.5,2.8,0.1,-1.5,-0.8,90,1,0,0,1,7,3,0,0,23,0,0,0,2.1,1.3,0.1,2,1,6,11,54.5,0,15,0,1,1,0.21,63,Head,Jack Grealish,Wes Foderingham,None,87.0,MissedShots,0.943000030517578,0.5,0.1444570124149322,Erling Haaland,OpenPlay,2023.0,Head,Bernardo Silva,Cross,13:00:00,Manchester City,Sheffield United
2023-09-02,Matchweek 4,Home,W,5,1,Fulham,2.2,1.4,68,4-2-3-1,4-3-3,4,5,6,4,66.7,0.67,1.0,14.8,0,1,1,2.2,1.4,0.25,2.8,2.6,90,3,1,1,1,3,2,0,0,17,0,0,0,1.6,0.8,0.7,2,1,4,6,66.7,1,9,0,1,0,0.19,90+5,Left Foot,Sergio Gómez,Bernd Leno,None,30.0,MissedShots,0.8969999694824219,0.6659999847412109,0.0695315971970558,Erling Haaland,OpenPlay,2023.0,LeftFoot,Mateo Kovacic,Pass,14:00:00,Manchester City,Fulham
2023-09-02,Matchweek 4,Home,W,5,1,Fulham,2.2,1.4,68,4-2-3-1,4-3-3,4,5,6,4,66.7,0.67,1.0,14.8,0,1,1,2.2,1.4,0.25,2.8,2.6,90,3,1,1,1,3,2,0,0,17,0,0,0,1.6,0.8,0.7,2,1,4,6,66.7,1,9,0,1,0,0.19,90+5,Left Foot,Sergio Gómez,Bernd Leno,None,57.0,Goal,0.8530000305175781,0.47,0.3721029758453369,Erling Haaland,OpenPlay,2023.0,LeftFoot,,,14:00:00,Manchester City,Fulham
2023-09-02,Matchweek 4,Home,W,5,1,Fulham,2.2,1.4,68,4-2-3-1,4-3-3,4,5,6,4,66.7,0.67,1.0,14.8,0,1,1,2.2,1.4,0.25,2.8,2.6,90,3,1,1,1,3,2,0,0,17,0,0,0,1.6,0.8,0.7,2,1,4,6,66.7,1,9,0,1,0,0.19,90+5,Left Foot,Sergio Gómez,Bernd Leno,None,69.0,Goal,0.885,0.5,0.7611688375473022,Erling Haaland,Penalty,2023.0,LeftFoot,,Standard,14:00:00,Manchester City,Fulham
2023-09-02,Matchweek 4,Home,W,5,1,Fulham,2.2,1.4,68,4-2-3-1,4-3-3,4,5,6,4,66.7,0.67,1.0,14.8,0,1,1,2.2,1.4,0.25,2.8,2.6,90,3,1,1,1,3,2,0,0,17,0,0,0,1.6,0.8,0.7,2,1,4,6,66.7,1,9,0,1,0,0.19,90+5,Left Foot,Sergio Gómez,Bernd Leno,None,94.0,Goal,0.8730000305175781,0.5420000076293945,0.1288056522607803,Erling Haaland,OpenPlay,2023.0,LeftFoot,Sergio Gómez,Pass,14:00:00,Manchester City,Fulham
2023-09-02,Matchweek 4,Home,W,5,1,Fulham,2.2,1.4,68,4-2-3-1,4-3-3,4,5,6,4,66.7,0.67,1.0,14.8,0,1,1,2.2,1.4,0.25,2.8,2.6,90,3,1,1,1,3,2,0,0,17,0,0,0,1.6,0.8,0.7,2,1,4,6,66.7,1,9,0,1,0,0.79,70,Left Foot,None,Bernd Leno,None,30.0,MissedShots,0.8969999694824219,0.6659999847412109,0.0695315971970558,Erling Haaland,OpenPlay,2023.0,LeftFoot,Mateo Kovacic,Pass,14:00:00,Manchester City,Fulham
2023-09-02,Matchweek 4,Home,W,5,1,Fulham,2.2,1.4,68,4-2-3-1,4-3-3,4,5,6,4,66.7,0.67,1.0,14.8,0,1,1,2.2,1.4,0.25,2.8,2.6,90,3,1,1,1,3,2,0,0,17,0,0,0,1.6,0.8,0.7,2,1,4,6,66.7,1,9,0,1,0,0.79,70,Left Foot,None,Bernd Leno,None,57.0,Goal,0.8530000305175781,0.47,0.3721029758453369,Erling Haaland,OpenPlay,2023.0,LeftFoot,,,14:00:00,Manchester City,Fulham
2023-09-02,Matchweek 4,Home,W,5,1,Fulham,2.2,1.4,68,4-2-3-1,4-3-3,4,5,6,4,66.7,0.67,1.0,14.8,0,1,1,2.2,1.4,0.25,2.8,2.6,90,3,1,1,1,3,2,0,0,17,0,0,0,1.6,0.8,0.7,2,1,4,6,66.7,1,9,0,1,0,0.79,70,Left Foot,None,Bernd Leno,None,69.0,Goal,0.885,0.5,0.7611688375473022,Erling Haaland,Penalty,2023.0,LeftFoot,,Standard,14:00:00,Manchester City,Fulham
2023-09-02,Matchweek 4,Home,W,5,1,Fulham,2.2,1.4,68,4-2-3-1,4-3-3,4,5,6,4,66.7,0.67,1.0,14.8,0,1,1,2.2,1.4,0.25,2.8,2.6,90,3,1,1,1,3,2,0,0,17,0,0,0,1.6,0.8,0.7,2,1,4,6,66.7,1,9,0,1,0,0.79,70,Left Foot,None,Bernd Leno,None,94.0,Goal,0.8730000305175781,0.5420000076293945,0.1288056522607803,Erling Haaland,OpenPlay,2023.0,LeftFoot,Sergio Gómez,Pass,14:00:00,Manchester City,Fulham
2023-09-02,Matchweek 4,Home,W,5,1,Fulham,2.2,1.4,68,4-2-3-1,4-3-3,4,5,6,4,66.7,0.67,1.0,14.8,0,1,1,2.2,1.4,0.25,2.8,2.6,90,3,1,1,1,3,2,0,0,17,0,0,0,1.6,0.8,0.7,2,1,4,6,66.7,1,9,0,1,0,0.53,58,Left Foot,None,Bernd Leno,None,30.0,MissedShots,0.8969999694824219,0.6659999847412109,0.0695315971970558,Erling Haaland,OpenPlay,2023.0,LeftFoot,Mateo Kovacic,Pass,14:00:00,Manchester City,Fulham
2023-09-02,Matchweek 4,Home,W,5,1,Fulham,2.2,1.4,68,4-2-3-1,4-3-3,4,5,6,4,66.7,0.67,1.0,14.8,0,1,1,2.2,1.4,0.25,2.8,2.6,90,3,1,1,1,3,2,0,0,17,0,0,0,1.6,0.8,0.7,2,1,4,6,66.7,1,9,0,1,0,0.53,58,Left Foot,None,Bernd Leno,None,57.0,Goal,0.8530000305175781,0.47,0.3721029758453369,Erling Haaland,OpenPlay,2023.0,LeftFoot,,,14:00:00,Manchester City,Fulham
2023-09-02,Matchweek 4,Home,W,5,1,Fulham,2.2,1.4,68,4-2-3-1,4-3-3,4,5,6,4,66.7,0.67,1.0,14.8,0,1,1,2.2,1.4,0.25,2.8,2.6,90,3,1,1,1,3,2,0,0,17,0,0,0,1.6,0.8,0.7,2,1,4,6,66.7,1,9,0,1,0,0.53,58,Left Foot,None,Bernd Leno,None,69.0,Goal,0.885,0.5,0.7611688375473022,Erling Haaland,Penalty,2023.0,LeftFoot,,Standard,14:00:00,Manchester City,Fulham
2023-09-02,Matchweek 4,Home,W,5,1,Fulham,2.2,1.4,68,4-2-3-1,4-3-3,4,5,6,4,66.7,0.67,1.0,14.8,0,1,1,2.2,1.4,0.25,2.8,2.6,90,3,1,1,1,3,2,0,0,17,0,0,0,1.6,0.8,0.7,2,1,4,6,66.7,1,9,0,1,0,0.53,58,Left Foot,None,Bernd Leno,None,94.0,Goal,0.8730000305175781,0.5420000076293945,0.1288056522607803,Erling Haaland,OpenPlay,2023.0,LeftFoot,Sergio Gómez,Pass,14:00:00,Manchester City,Fulham
2023-09-16,Matchweek 5,Away,W,3,1,West Ham,3.6,0.9,68,4-2-3-1,4-2-3-1,5,3,29,13,44.8,0.1,0.23,16.4,1,0,0,3.6,3.6,0.13,-0.6,-0.6,89,1,0,0,0,9,4,0,0,22,0,0,0,2.5,2.5,0.0,2,0,9,13,69.2,0,17,0,0,0,0.08,86,Left Foot,Bernardo Silva,Alphonse Areola,None,6.0,BlockedShot,0.884000015258789,0.4359999847412109,0.0802464932203292,Erling Haaland,FromCorner,2023.0,LeftFoot,Jéremy Doku,HeadPass,14:00:00,Manchester City,West Ham
2023-09-16,Matchweek 5,Away,W,3,1,West Ham,3.6,0.9,68,4-2-3-1,4-2-3-1,5,3,29,13,44.8,0.1,0.23,16.4,1,0,0,3.6,3.6,0.13,-0.6,-0.6,89,1,0,0,0,9,4,0,0,22,0,0,0,2.5,2.5,0.0,2,0,9,13,69.2,0,17,0,0,0,0.08,86,Left Foot,Bernardo Silva,Alphonse Areola,None,6.0,BlockedShot,0.9540000152587892,0.52,0.6378518342971802,Erling Haaland,FromCorner,2023.0,LeftFoot,Rodri,Pass,14:00:00,Manchester City,West Ham
2023-09-16,Matchweek 5,Away,W,3,1,West Ham,3.6,0.9,68,4-2-3-1,4-2-3-1,5,3,29,13,44.8,0.1,0.23,16.4,1,0,0,3.6,3.6,0.13,-0.6,-0.6,89,1,0,0,0,9,4,0,0,22,0,0,0,2.5,2.5,0.0,2,0,9,13,69.2,0,17,0,0,0,0.08,86,Left Foot,Bernardo Silva,Alphonse Areola,None,14.0,MissedShots,0.931999969482422,0.435,0.3717876970767975,Erling Haaland,OpenPlay,2023.0,LeftFoot,Josko Gvardiol,Cross,14:00:00,Manchester City,West Ham
2023-09-16,Matchweek 5,Away,W,3,1,West Ham,3.6,0.9,68,4-2-3-1,4-2-3-1,5,3,29,13,44.8,0.1,0.23,16.4,1,0,0,3.6,3.6,0.13,-0.6,-0.6,89,1,0,0,0,9,4,0,0,22,0,0,0,2.5,2.5,0.0,2,0,9,13,69.2,0,17,0,0,0,0.08,86,Left Foot,Bernardo Silva,Alphonse Areola,None,27.0,BlockedShot,0.8619999694824219,0.620999984741211,0.0784232467412948,Erling Haaland,OpenPlay,2023.0,LeftFoot,Phil Foden,Pass,14:00:00,Manchester City,West Ham
2023-09-16,Matchweek 5,Away,W,3,1,West Ham,3.6,0.9,68,4-2-3-1,4-2-3-1,5,3,29,13,44.8,0.1,0.23,16.4,1,0,0,3.6,3.6,0.13,-0.6,-0.6,89,1,0,0,0,9,4,0,0,22,0,0,0,2.5,2.5,0.0,2,0,9,13,69.2,0,17,0,0,0,0.08,86,Left Foot,Bernardo Silva,Alphonse Areola,None,41.0,BlockedShot,0.970999984741211,0.4370000076293945,0.5429793000221252,Erling Haaland,OpenPlay,2023.0,RightFoot,Jéremy Doku,Pass,14:00:00,Manchester City,West Ham
2023-09-16,Matchweek 5,Away,W,3,1,West Ham,3.6,0.9,68,4-2-3-1,4-2-3-1,5,3,29,13,44.8,0.1,0.23,16.4,1,0,0,3.6,3.6,0.13,-0.6,-0.6,89,1,0,0,0,9,4,0,0,22,0,0,0,2.5,2.5,0.0,2,0,9,13,69.2,0,17,0,0,0,0.08,86,Left Foot,Bernardo Silva,Alphonse Areola,None,53.0,SavedShot,0.906999969482422,0.5359999847412109,0.4616487324237823,Erling Haaland,OpenPlay,2023.0,LeftFoot,Rodri,Throughball,14:00:00,Manchester City,West Ham
2023-09-16,Matchweek 5,Away,W,3,1,West Ham,3.6,0.9,68,4-2-3-1,4-2-3-1,5,3,29,13,44.8,0.1,0.23,16.4,1,0,0,3.6,3.6,0.13,-0.6,-0.6,89,1,0,0,0,9,4,0,0,22,0,0,0,2.5,2.5,0.0,2,0,9,13,69.2,0,17,0,0,0,0.08,86,Left Foot,Bernardo Silva,Alphonse Areola,None,58.0,SavedShot,0.95,0.4679999923706054,0.0822779983282089,Erling Haaland,OpenPlay,2023.0,Head,Bernardo Silva,Aerial,14:00:00,Manchester City,West Ham
2023-09-16,Matchweek 5,Away,W,3,1,West Ham,3.6,0.9,68,4-2-3-1,4-2-3-1,5,3,29,13,44.8,0.1,0.23,16.4,1,0,0,3.6,3.6,0.13,-0.6,-0.6,89,1,0,0,0,9,4,0,0,22,0,0,0,2.5,2.5,0.0,2,0,9,13,69.2,0,17,0,0,0,0.08,86,Left Foot,Bernardo Silva,Alphonse Areola,None,81.0,SavedShot,0.901999969482422,0.4640000152587891,0.3313724398612976,Erling Haaland,OpenPlay,2023.0,LeftFoot,Kyle Walker,Cross,14:00:00,Manchester City,West Ham
2023-09-16,Matchweek 5,Away,W,3,1,West Ham,3.6,0.9,68,4-2-3-1,4-2-3-1,5,3,29,13,44.8,0.1,0.23,16.4,1,0,0,3.6,3.6,0.13,-0.6,-0.6,89,1,0,0,0,9,4,0,0,22,0,0,0,2.5,2.5,0.0,2,0,9,13,69.2,0,17,0,0,0,0.08,86,Left Foot,Bernardo Silva,Alphonse Areola,None,85.0,Goal,0.8980000305175782,0.615,0.3391328155994415,Erling Haaland,OpenPlay,2023.0,LeftFoot,Bernardo Silva,Pass,14:00:00,Manchester City,West Ham
2023-09-23,Matchweek 6,Home,W,2,0,Nott'ham Forest,1.3,1.0,57,4-2-3-1,5-4-1,6,2,7,4,57.1,0.29,0.5,17.2,2,0,0,1.3,1.3,0.19,0.7,0.7,90,1,0,0,0,2,1,0,0,24,0,0,3,0.7,0.7,0.0,2,0,9,15,60.0,0,16,0,0,0,0.14,14,Head,Matheus Nunes,Matt Turner,None,13.0,Goal,0.9259999847412108,0.555,0.3649953007698059,Erling Haaland,OpenPlay,2023.0,Head,Matheus Nunes,Cross,14:00:00,Manchester City,Nottingham Forest
2023-09-23,Matchweek 6,Home,W,2,0,Nott'ham Forest,1.3,1.0,57,4-2-3-1,5-4-1,6,2,7,4,57.1,0.29,0.5,17.2,2,0,0,1.3,1.3,0.19,0.7,0.7,90,1,0,0,0,2,1,0,0,24,0,0,3,0.7,0.7,0.0,2,0,9,15,60.0,0,16,0,0,0,0.14,14,Head,Matheus Nunes,Matt Turner,None,77.0,MissedShots,0.9259999847412108,0.474000015258789,0.5678633451461792,Erling Haaland,OpenPlay,2023.0,RightFoot,Nathan Aké,Pass,14:00:00,Manchester City,Nottingham Forest
2023-09-30,Matchweek 7,Away,L,1,2,Wolves,0.9,0.4,68,4-2-3-1,3-4-3,7,1,23,8,34.8,0.04,0.13,19.3,1,0,0,0.9,0.9,0.04,0.1,0.1,90,0,0,0,0,1,1,0,0,14,0,0,0,0.1,0.1,0.1,1,0,10,12,83.3,1,3,0,2,1,0.0,0,None,None,None,None,50.0,SavedShot,0.9130000305175782,0.635,0.0814208686351776,Erling Haaland,OpenPlay,2023.0,LeftFoot,Oscar Bobb,Pass,14:00:00,Manchester City,Wolverhampton Wanderers
2023-10-08,Matchweek 8,Away,L,0,1,Arsenal,0.5,0.4,51,4-3-3,4-3-3,8,0,4,0,0.0,0.0,0.0,14.9,0,0,0,0.5,0.5,0.12,-0.5,-0.5,90,0,0,0,0,0,0,0,0,20,0,0,1,0.0,0.0,0.3,2,0,11,16,68.8,1,9,1,1,1,0.0,0,None,None,None,None,,,,,,,,,,,,,,
2023-10-21,Matchweek 9,Home,W,2,1,Brighton,0.8,0.8,55,3-2-4-1,4-2-3-1,9,2,10,5,50.0,0.2,0.4,18.8,1,0,0,0.8,0.8,0.08,1.2,1.2,90,1,0,0,0,2,2,0,0,21,1,0,1,0.3,0.3,0.0,0,0,11,12,91.7,1,14,2,0,0,0.07,19,Left Foot,None,Jason Steele,None,18.0,Goal,0.805,0.409000015258789,0.0568477362394332,Erling Haaland,OpenPlay,2023.0,LeftFoot,,BallRecovery,14:00:00,Manchester City,Brighton
2023-10-21,Matchweek 9,Home,W,2,1,Brighton,0.8,0.8,55,3-2-4-1,4-2-3-1,9,2,10,5,50.0,0.2,0.4,18.8,1,0,0,0.8,0.8,0.08,1.2,1.2,90,1,0,0,0,2,2,0,0,21,1,0,1,0.3,0.3,0.0,0,0,11,12,91.7,1,14,2,0,0,0.07,19,Left Foot,None,Jason Steele,None,66.0,SavedShot,0.901999969482422,0.39,0.1450418680906295,Erling Haaland,OpenPlay,2023.0,LeftFoot,Phil Foden,Chipped,14:00:00,Manchester City,Brighton
2023-10-29,Matchweek 10,Away,W,3,0,Manchester Utd,4.0,0.9,60,4-2-3-1,4-2-3-1,10,3,20,9,45.0,0.1,0.22,17.2,2,1,1,4.0,3.2,0.16,-1.0,-1.2,90,2,1,1,1,4,3,0,0,20,0,0,0,2.0,1.2,1.0,1,1,7,10,70.0,1,9,0,0,0,0.29,49,Head,Bernardo Silva,André Onana,None,25.0,Goal,0.885,0.5,0.7611688375473022,Erling Haaland,Penalty,2023.0,LeftFoot,,Standard,15:30:00,Manchester City,Manchester United
2023-10-29,Matchweek 10,Away,W,3,0,Manchester Utd,4.0,0.9,60,4-2-3-1,4-2-3-1,10,3,20,9,45.0,0.1,0.22,17.2,2,1,1,4.0,3.2,0.16,-1.0,-1.2,90,2,1,1,1,4,3,0,0,20,0,0,0,2.0,1.2,1.0,1,1,7,10,70.0,1,9,0,0,0,0.29,49,Head,Bernardo Silva,André Onana,None,48.0,SavedShot,0.950999984741211,0.4640000152587891,0.5086833834648132,Erling Haaland,OpenPlay,2023.0,Head,Bernardo Silva,Chipped,15:30:00,Manchester City,Manchester United
2023-10-29,Matchweek 10,Away,W,3,0,Manchester Utd,4.0,0.9,60,4-2-3-1,4-2-3-1,10,3,20,9,45.0,0.1,0.22,17.2,2,1,1,4.0,3.2,0.16,-1.0,-1.2,90,2,1,1,1,4,3,0,0,20,0,0,0,2.0,1.2,1.0,1,1,7,10,70.0,1,9,0,0,0,0.29,49,Head,Bernardo Silva,André Onana,None,48.0,Goal,0.9590000152587892,0.4359999847412109,0.4078716337680816,Erling Haaland,OpenPlay,2023.0,Head,Bernardo Silva,Chipped,15:30:00,Manchester City,Manchester United
2023-10-29,Matchweek 10,Away,W,3,0,Manchester Utd,4.0,0.9,60,4-2-3-1,4-2-3-1,10,3,20,9,45.0,0.1,0.22,17.2,2,1,1,4.0,3.2,0.16,-1.0,-1.2,90,2,1,1,1,4,3,0,0,20,0,0,0,2.0,1.2,1.0,1,1,7,10,70.0,1,9,0,0,0,0.29,49,Head,Bernardo Silva,André Onana,None,70.0,SavedShot,0.9109999847412108,0.575999984741211,0.5055721402168274,Erling Haaland,OpenPlay,2023.0,LeftFoot,Jack Grealish,Throughball,15:30:00,Manchester City,Manchester United
2023-10-29,Matchweek 10,Away,W,3,0,Manchester Utd,4.0,0.9,60,4-2-3-1,4-2-3-1,10,3,20,9,45.0,0.1,0.22,17.2,2,1,1,4.0,3.2,0.16,-1.0,-1.2,90,2,1,1,1,4,3,0,0,20,0,0,0,2.0,1.2,1.0,1,1,7,10,70.0,1,9,0,0,0,0.29,49,Head,Bernardo Silva,André Onana,None,95.0,BlockedShot,0.735,0.4409999847412109,0.0527408272027969,Erling Haaland,DirectFreekick,2023.0,LeftFoot,,Standard,15:30:00,Manchester City,Manchester United
2023-10-29,Matchweek 10,Away,W,3,0,Manchester Utd,4.0,0.9,60,4-2-3-1,4-2-3-1,10,3,20,9,45.0,0.1,0.22,17.2,2,1,1,4.0,3.2,0.16,-1.0,-1.2,90,2,1,1,1,4,3,0,0,20,0,0,0,2.0,1.2,1.0,1,1,7,10,70.0,1,9,0,0,0,0.79,26,Left Foot,None,André Onana,None,25.0,Goal,0.885,0.5,0.7611688375473022,Erling Haaland,Penalty,2023.0,LeftFoot,,Standard,15:30:00,Manchester City,Manchester United
2023-10-29,Matchweek 10,Away,W,3,0,Manchester Utd,4.0,0.9,60,4-2-3-1,4-2-3-1,10,3,20,9,45.0,0.1,0.22,17.2,2,1,1,4.0,3.2,0.16,-1.0,-1.2,90,2,1,1,1,4,3,0,0,20,0,0,0,2.0,1.2,1.0,1,1,7,10,70.0,1,9,0,0,0,0.79,26,Left Foot,None,André Onana,None,48.0,SavedShot,0.950999984741211,0.4640000152587891,0.5086833834648132,Erling Haaland,OpenPlay,2023.0,Head,Bernardo Silva,Chipped,15:30:00,Manchester City,Manchester United
2023-10-29,Matchweek 10,Away,W,3,0,Manchester Utd,4.0,0.9,60,4-2-3-1,4-2-3-1,10,3,20,9,45.0,0.1,0.22,17.2,2,1,1,4.0,3.2,0.16,-1.0,-1.2,90,2,1,1,1,4,3,0,0,20,0,0,0,2.0,1.2,1.0,1,1,7,10,70.0,1,9,0,0,0,0.79,26,Left Foot,None,André Onana,None,48.0,Goal,0.9590000152587892,0.4359999847412109,0.4078716337680816,Erling Haaland,OpenPlay,2023.0,Head,Bernardo Silva,Chipped,15:30:00,Manchester City,Manchester United
2023-10-29,Matchweek 10,Away,W,3,0,Manchester Utd,4.0,0.9,60,4-2-3-1,4-2-3-1,10,3,20,9,45.0,0.1,0.22,17.2,2,1,1,4.0,3.2,0.16,-1.0,-1.2,90,2,1,1,1,4,3,0,0,20,0,0,0,2.0,1.2,1.0,1,1,7,10,70.0,1,9,0,0,0,0.79,26,Left Foot,None,André Onana,None,70.0,SavedShot,0.9109999847412108,0.575999984741211,0.5055721402168274,Erling Haaland,OpenPlay,2023.0,LeftFoot,Jack Grealish,Throughball,15:30:00,Manchester City,Manchester United
2023-10-29,Matchweek 10,Away,W,3,0,Manchester Utd,4.0,0.9,60,4-2-3-1,4-2-3-1,10,3,20,9,45.0,0.1,0.22,17.2,2,1,1,4.0,3.2,0.16,-1.0,-1.2,90,2,1,1,1,4,3,0,0,20,0,0,0,2.0,1.2,1.0,1,1,7,10,70.0,1,9,0,0,0,0.79,26,Left Foot,None,André Onana,None,95.0,BlockedShot,0.735,0.4409999847412109,0.0527408272027969,Erling Haaland,DirectFreekick,2023.0,LeftFoot,,Standard,15:30:00,Manchester City,Manchester United
2023-11-04,Matchweek 11,Home,W,6,1,Bournemouth,1.9,0.9,65,3-4-3,5-4-1,11,6,21,8,38.1,0.29,0.75,16.4,0,0,0,1.9,1.9,0.09,4.1,4.1,45,0,0,0,0,3,0,0,0,13,0,0,0,0.4,0.4,0.0,2,0,7,9,77.8,1,11,0,1,1,0.0,0,None,None,None,None,21.0,BlockedShot,0.965999984741211,0.5609999847412109,0.0972415879368782,Erling Haaland,OpenPlay,2023.0,Head,Julián Álvarez,Aerial,15:00:00,Manchester City,Bournemouth
2023-11-04,Matchweek 11,Home,W,6,1,Bournemouth,1.9,0.9,65,3-4-3,5-4-1,11,6,21,8,38.1,0.29,0.75,16.4,0,0,0,1.9,1.9,0.09,4.1,4.1,45,0,0,0,0,3,0,0,0,13,0,0,0,0.4,0.4,0.0,2,0,7,9,77.8,1,11,0,1,1,0.0,0,None,None,None,None,24.0,BlockedShot,0.911999969482422,0.38,0.1598657369613647,Erling Haaland,OpenPlay,2023.0,RightFoot,,TakeOn,15:00:00,Manchester City,Bournemouth
2023-11-04,Matchweek 11,Home,W,6,1,Bournemouth,1.9,0.9,65,3-4-3,5-4-1,11,6,21,8,38.1,0.29,0.75,16.4,0,0,0,1.9,1.9,0.09,4.1,4.1,45,0,0,0,0,3,0,0,0,13,0,0,0,0.4,0.4,0.0,2,0,7,9,77.8,1,11,0,1,1,0.0,0,None,None,None,None,47.0,BlockedShot,0.879000015258789,0.5879999923706055,0.1396707445383072,Erling Haaland,OpenPlay,2023.0,LeftFoot,Julián Álvarez,Throughball,15:00:00,Manchester City,Bournemouth
2023-11-12,Matchweek 12,Away,D,4,4,Chelsea,2.9,2.9,55,3-2-4-1,4-2-3-1,12,4,14,9,64.3,0.21,0.33,16.6,1,1,1,2.9,2.1,0.15,1.1,0.9,90,2,1,1,1,3,2,0,0,19,0,0,0,2.0,1.2,0.2,3,1,10,12,83.3,1,9,1,1,0,0.87,47,Other,None,Robert Sánchez,None,24.0,Goal,0.885,0.5,0.7611688375473022,Erling Haaland,Penalty,2023.0,LeftFoot,,Standard,16:30:00,Manchester City,Chelsea
2023-11-12,Matchweek 12,Away,D,4,4,Chelsea,2.9,2.9,55,3-2-4-1,4-2-3-1,12,4,14,9,64.3,0.21,0.33,16.6,1,1,1,2.9,2.1,0.15,1.1,0.9,90,2,1,1,1,3,2,0,0,19,0,0,0,2.0,1.2,0.2,3,1,10,12,83.3,1,9,1,1,0,0.87,47,Other,None,Robert Sánchez,None,31.0,MissedShots,0.991999969482422,0.5840000152587891,0.2866228520870209,Erling Haaland,OpenPlay,2023.0,LeftFoot,Phil Foden,Cross,16:30:00,Manchester City,Chelsea
2023-11-12,Matchweek 12,Away,D,4,4,Chelsea,2.9,2.9,55,3-2-4-1,4-2-3-1,12,4,14,9,64.3,0.21,0.33,16.6,1,1,1,2.9,2.1,0.15,1.1,0.9,90,2,1,1,1,3,2,0,0,19,0,0,0,2.0,1.2,0.2,3,1,10,12,83.3,1,9,1,1,0,0.87,47,Other,None,Robert Sánchez,None,41.0,SavedShot,0.874000015258789,0.5579999923706055,0.3491571247577667,Erling Haaland,OpenPlay,2023.0,LeftFoot,Bernardo Silva,Pass,16:30:00,Manchester City,Chelsea
2023-11-12,Matchweek 12,Away,D,4,4,Chelsea,2.9,2.9,55,3-2-4-1,4-2-3-1,12,4,14,9,64.3,0.21,0.33,16.6,1,1,1,2.9,2.1,0.15,1.1,0.9,90,2,1,1,1,3,2,0,0,19,0,0,0,2.0,1.2,0.2,3,1,10,12,83.3,1,9,1,1,0,0.87,47,Other,None,Robert Sánchez,None,46.0,Goal,0.9769999694824218,0.5279999923706055,0.8636682629585266,Erling Haaland,OpenPlay,2023.0,OtherBodyPart,,,16:30:00,Manchester City,Chelsea
2023-11-12,Matchweek 12,Away,D,4,4,Chelsea,2.9,2.9,55,3-2-4-1,4-2-3-1,12,4,14,9,64.3,0.21,0.33,16.6,1,1,1,2.9,2.1,0.15,1.1,0.9,90,2,1,1,1,3,2,0,0,19,0,0,0,2.0,1.2,0.2,3,1,10,12,83.3,1,9,1,1,0,0.79,25,Left Foot,None,Robert Sánchez,None,24.0,Goal,0.885,0.5,0.7611688375473022,Erling Haaland,Penalty,2023.0,LeftFoot,,Standard,16:30:00,Manchester City,Chelsea
2023-11-12,Matchweek 12,Away,D,4,4,Chelsea,2.9,2.9,55,3-2-4-1,4-2-3-1,12,4,14,9,64.3,0.21,0.33,16.6,1,1,1,2.9,2.1,0.15,1.1,0.9,90,2,1,1,1,3,2,0,0,19,0,0,0,2.0,1.2,0.2,3,1,10,12,83.3,1,9,1,1,0,0.79,25,Left Foot,None,Robert Sánchez,None,31.0,MissedShots,0.991999969482422,0.5840000152587891,0.2866228520870209,Erling Haaland,OpenPlay,2023.0,LeftFoot,Phil Foden,Cross,16:30:00,Manchester City,Chelsea
2023-11-12,Matchweek 12,Away,D,4,4,Chelsea,2.9,2.9,55,3-2-4-1,4-2-3-1,12,4,14,9,64.3,0.21,0.33,16.6,1,1,1,2.9,2.1,0.15,1.1,0.9,90,2,1,1,1,3,2,0,0,19,0,0,0,2.0,1.2,0.2,3,1,10,12,83.3,1,9,1,1,0,0.79,25,Left Foot,None,Robert Sánchez,None,41.0,SavedShot,0.874000015258789,0.5579999923706055,0.3491571247577667,Erling Haaland,OpenPlay,2023.0,LeftFoot,Bernardo Silva,Pass,16:30:00,Manchester City,Chelsea
2023-11-12,Matchweek 12,Away,D,4,4,Chelsea,2.9,2.9,55,3-2-4-1,4-2-3-1,12,4,14,9,64.3,0.21,0.33,16.6,1,1,1,2.9,2.1,0.15,1.1,0.9,90,2,1,1,1,3,2,0,0,19,0,0,0,2.0,1.2,0.2,3,1,10,12,83.3,1,9,1,1,0,0.79,25,Left Foot,None,Robert Sánchez,None,46.0,Goal,0.9769999694824218,0.5279999923706055,0.8636682629585266,Erling Haaland,OpenPlay,2023.0,OtherBodyPart,,,16:30:00,Manchester City,Chelsea
2023-11-25,Matchweek 13,Home,D,1,1,Liverpool,1.3,0.6,59,3-2-4-1,4-3-3,13,1,16,5,31.3,0.06,0.2,16.3,1,0,0,1.3,1.3,0.08,-0.3,-0.3,90,1,0,0,0,5,2,0,0,19,2,0,0,0.7,0.7,0.0,0,0,7,10,70.0,0,8,3,0,0,0.26,27,Left Foot,Nathan Aké,Alisson,None,26.0,Goal,0.86,0.5870000076293945,0.3175771236419678,Erling Haaland,OpenPlay,2023.0,LeftFoot,Nathan Aké,Pass,12:30:00,Manchester City,Liverpool
2023-11-25,Matchweek 13,Home,D,1,1,Liverpool,1.3,0.6,59,3-2-4-1,4-3-3,13,1,16,5,31.3,0.06,0.2,16.3,1,0,0,1.3,1.3,0.08,-0.3,-0.3,90,1,0,0,0,5,2,0,0,19,2,0,0,0.7,0.7,0.0,0,0,7,10,70.0,0,8,3,0,0,0.26,27,Left Foot,Nathan Aké,Alisson,None,54.0,MissedShots,0.87,0.47,0.1008122712373733,Erling Haaland,OpenPlay,2023.0,LeftFoot,,,12:30:00,Manchester City,Liverpool
2023-11-25,Matchweek 13,Home,D,1,1,Liverpool,1.3,0.6,59,3-2-4-1,4-3-3,13,1,16,5,31.3,0.06,0.2,16.3,1,0,0,1.3,1.3,0.08,-0.3,-0.3,90,1,0,0,0,5,2,0,0,19,2,0,0,0.7,0.7,0.0,0,0,7,10,70.0,0,8,3,0,0,0.26,27,Left Foot,Nathan Aké,Alisson,None,75.0,MissedShots,0.919000015258789,0.4540000152587891,0.0524505302309989,Erling Haaland,SetPiece,2023.0,Head,Julián Álvarez,Aerial,12:30:00,Manchester City,Liverpool
2023-11-25,Matchweek 13,Home,D,1,1,Liverpool,1.3,0.6,59,3-2-4-1,4-3-3,13,1,16,5,31.3,0.06,0.2,16.3,1,0,0,1.3,1.3,0.08,-0.3,-0.3,90,1,0,0,0,5,2,0,0,19,2,0,0,0.7,0.7,0.0,0,0,7,10,70.0,0,8,3,0,0,0.26,27,Left Foot,Nathan Aké,Alisson,None,78.0,SavedShot,0.96,0.5670000076293945,0.5778946876525879,Erling Haaland,OpenPlay,2023.0,LeftFoot,Jéremy Doku,Pass,12:30:00,Manchester City,Liverpool
2023-11-25,Matchweek 13,Home,D,1,1,Liverpool,1.3,0.6,59,3-2-4-1,4-3-3,13,1,16,5,31.3,0.06,0.2,16.3,1,0,0,1.3,1.3,0.08,-0.3,-0.3,90,1,0,0,0,5,2,0,0,19,2,0,0,0.7,0.7,0.0,0,0,7,10,70.0,0,8,3,0,0,0.26,27,Left Foot,Nathan Aké,Alisson,None,97.0,MissedShots,0.9669999694824218,0.5570000076293945,0.0761165916919708,Erling Haaland,FromCorner,2023.0,Head,Julián Álvarez,Aerial,12:30:00,Manchester City,Liverpool
2023-12-03,Matchweek 14,Home,D,3,3,Tottenham,2.6,0.5,55,3-2-4-1,4-2-3-1,14,2,17,4,23.5,0.12,0.5,13.4,0,0,0,2.6,2.6,0.15,-0.6,-0.6,90,0,1,0,0,5,0,1,0,24,0,0,1,0.7,0.7,0.5,4,2,12,15,80.0,1,17,1,3,2,0.0,0,None,None,None,None,8.0,MissedShots,0.8919999694824219,0.4229999923706055,0.0467582792043685,Erling Haaland,SetPiece,2023.0,Head,Julián Álvarez,Cross,16:30:00,Manchester City,Tottenham
2023-12-03,Matchweek 14,Home,D,3,3,Tottenham,2.6,0.5,55,3-2-4-1,4-2-3-1,14,2,17,4,23.5,0.12,0.5,13.4,0,0,0,2.6,2.6,0.15,-0.6,-0.6,90,0,1,0,0,5,0,1,0,24,0,0,1,0.7,0.7,0.5,4,2,12,15,80.0,1,17,1,3,2,0.0,0,None,None,None,None,12.0,MissedShots,0.92,0.499000015258789,0.486733078956604,Erling Haaland,OpenPlay,2023.0,LeftFoot,Bernardo Silva,BallRecovery,16:30:00,Manchester City,Tottenham
2023-12-03,Matchweek 14,Home,D,3,3,Tottenham,2.6,0.5,55,3-2-4-1,4-2-3-1,14,2,17,4,23.5,0.12,0.5,13.4,0,0,0,2.6,2.6,0.15,-0.6,-0.6,90,0,1,0,0,5,0,1,0,24,0,0,1,0.7,0.7,0.5,4,2,12,15,80.0,1,17,1,3,2,0.0,0,None,None,None,None,15.0,BlockedShot,0.8580000305175781,0.605999984741211,0.037390049546957,Erling Haaland,FromCorner,2023.0,LeftFoot,Bernardo Silva,Chipped,16:30:00,Manchester City,Tottenham
2023-12-03,Matchweek 14,Home,D,3,3,Tottenham,2.6,0.5,55,3-2-4-1,4-2-3-1,14,2,17,4,23.5,0.12,0.5,13.4,0,0,0,2.6,2.6,0.15,-0.6,-0.6,90,0,1,0,0,5,0,1,0,24,0,0,1,0.7,0.7,0.5,4,2,12,15,80.0,1,17,1,3,2,0.0,0,None,None,None,None,35.0,MissedShots,0.8690000152587891,0.4779999923706055,0.1250195503234863,Erling Haaland,OpenPlay,2023.0,LeftFoot,Julián Álvarez,Pass,16:30:00,Manchester City,Tottenham
2023-12-03,Matchweek 14,Home,D,3,3,Tottenham,2.6,0.5,55,3-2-4-1,4-2-3-1,14,2,17,4,23.5,0.12,0.5,13.4,0,0,0,2.6,2.6,0.15,-0.6,-0.6,90,0,1,0,0,5,0,1,0,24,0,0,1,0.7,0.7,0.5,4,2,12,15,80.0,1,17,1,3,2,0.0,0,None,None,None,None,53.0,MissedShots,0.935,0.49,0.1488239914178848,Erling Haaland,OpenPlay,2023.0,Head,Jack Grealish,Cross,16:30:00,Manchester City,Tottenham
2023-12-06,Matchweek 15,Away,L,0,1,Aston Villa,0.6,2.3,54,3-2-4-1,4-4-1-1,15,0,2,2,100.0,0.0,0.0,7.4,0,0,0,0.6,0.6,0.37,-0.6,-0.6,90,0,0,0,0,2,2,0,0,15,0,0,1,0.6,0.6,0.0,1,0,7,10,70.0,0,10,1,1,0,0.0,0,None,None,None,None,10.0,SavedShot,0.909000015258789,0.6229999923706054,0.3656105101108551,Erling Haaland,OpenPlay,2023.0,LeftFoot,Phil Foden,Throughball,20:15:00,Manchester City,Aston Villa
2023-12-06,Matchweek 15,Away,L,0,1,Aston Villa,0.6,2.3,54,3-2-4-1,4-4-1-1,15,0,2,2,100.0,0.0,0.0,7.4,0,0,0,0.6,0.6,0.37,-0.6,-0.6,90,0,0,0,0,2,2,0,0,15,0,0,1,0.6,0.6,0.0,1,0,7,10,70.0,0,10,1,1,0,0.0,0,None,None,None,None,10.0,SavedShot,0.975999984741211,0.53,0.6363734006881714,Erling Haaland,OpenPlay,2023.0,Head,Bernardo Silva,Chipped,20:15:00,Manchester City,Aston Villa
2023-12-10,Matchweek 16,Away,W,2,1,Luton Town,1.6,0.3,65,4-2-3-1,3-4-3,16,2,18,6,33.3,0.11,0.33,18.7,1,0,0,1.6,1.6,0.09,0.4,0.4,0,0,0,0,0,0,0,0,0,0,0,0,0,0.0,0.0,0.0,0,0,0,0,0.0,0,0,0,0,0,0.0,0,None,None,None,None,,,,,,,,,,,,,,
2023-12-16,Matchweek 17,Home,D,2,2,Crystal Palace,1.6,1.8,74,4-2-3-1,5-4-1,17,2,19,9,47.4,0.11,0.22,18.2,0,0,0,1.6,1.6,0.08,0.4,0.4,0,0,0,0,0,0,0,0,0,0,0,0,0,0.0,0.0,0.0,0,0,0,0,0.0,0,0,0,0,0,0.0,0,None,None,None,None,,,,,,,,,,,,,,
2023-12-27,Matchweek 19,Away,W,3,1,Everton,2.4,1.0,72,4-2-3-1,4-2-3-1,18,3,22,8,36.4,0.09,0.25,19.5,1,1,1,2.4,1.8,0.09,0.6,0.2,0,0,0,0,0,0,0,0,0,0,0,0,0,0.0,0.0,0.0,0,0,0,0,0.0,0,0,0,0,0,0.0,0,None,None,None,None,,,,,,,,,,,,,,
2023-12-30,Matchweek 20,Home,W,2,0,Sheffield Utd,2.2,0.3,80,4-2-3-1,3-4-3,19,2,18,4,22.2,0.11,0.5,17.4,0,0,0,2.2,2.2,0.12,-0.2,-0.2,0,0,0,0,0,0,0,0,0,0,0,0,0,0.0,0.0,0.0,0,0,0,0,0.0,0,0,0,0,0,0.0,0,None,None,None,None,,,,,,,,,,,,,,
2024-01-13,Matchweek 21,Away,W,3,2,Newcastle Utd,3.0,1.3,72,4-2-3-1,4-3-3,20,3,27,11,40.7,0.11,0.27,19.3,2,0,0,3.0,3.0,0.11,0.0,0.0,0,0,0,0,0,0,0,0,0,0,0,0,0,0.0,0.0,0.0,0,0,0,0,0.0,0,0,0,0,0,0.0,0,None,None,None,None,,,,,,,,,,,,,,
2024-01-31,Matchweek 22,Home,W,3,1,Burnley,1.7,1.4,74,4-2-3-1,4-4-2,21,3,14,4,28.6,0.21,0.75,15.8,1,0,0,1.7,1.7,0.13,1.3,1.3,20,0,0,0,0,2,0,0,0,8,0,0,1,0.2,0.2,0.0,1,0,3,4,75.0,0,2,1,0,0,0.0,0,None,None,None,None,84.0,MissedShots,0.988000030517578,0.5770000076293945,0.1107935309410095,Erling Haaland,OpenPlay,2023.0,LeftFoot,,CornerAwarded,19:30:00,Manchester City,Burnley
2024-01-31,Matchweek 22,Home,W,3,1,Burnley,1.7,1.4,74,4-2-3-1,4-4-2,21,3,14,4,28.6,0.21,0.75,15.8,1,0,0,1.7,1.7,0.13,1.3,1.3,20,0,0,0,0,2,0,0,0,8,0,0,1,0.2,0.2,0.0,1,0,3,4,75.0,0,2,1,0,0,0.0,0,None,None,None,None,84.0,BlockedShot,0.960999984741211,0.5690000152587891,0.0663301944732666,Erling Haaland,OpenPlay,2023.0,Head,Matheus Nunes,Aerial,19:30:00,Manchester City,Burnley
2024-02-05,Matchweek 23,Away,W,3,1,Brentford,2.1,1.0,72,4-1-4-1,3-5-2,22,3,25,15,60.0,0.12,0.2,19.2,0,0,0,2.1,2.1,0.08,0.9,0.9,85,0,1,0,0,3,1,0,0,23,0,0,0,0.7,0.7,0.3,2,1,12,17,70.6,1,15,1,0,0,0.0,0,None,None,None,None,6.0,BlockedShot,0.9059999847412108,0.4620000076293945,0.1360410153865814,Erling Haaland,OpenPlay,2023.0,RightFoot,Kevin De Bruyne,Pass,20:00:00,Manchester City,Brentford
2024-02-05,Matchweek 23,Away,W,3,1,Brentford,2.1,1.0,72,4-1-4-1,3-5-2,22,3,25,15,60.0,0.12,0.2,19.2,0,0,0,2.1,2.1,0.08,0.9,0.9,85,0,1,0,0,3,1,0,0,23,0,0,0,0.7,0.7,0.3,2,1,12,17,70.6,1,15,1,0,0,0.0,0,None,None,None,None,22.0,SavedShot,0.8809999847412109,0.43,0.265750378370285,Erling Haaland,OpenPlay,2023.0,LeftFoot,,BallRecovery,20:00:00,Manchester City,Brentford
2024-02-05,Matchweek 23,Away,W,3,1,Brentford,2.1,1.0,72,4-1-4-1,3-5-2,22,3,25,15,60.0,0.12,0.2,19.2,0,0,0,2.1,2.1,0.08,0.9,0.9,85,0,1,0,0,3,1,0,0,23,0,0,0,0.7,0.7,0.3,2,1,12,17,70.6,1,15,1,0,0,0.0,0,None,None,None,None,27.0,BlockedShot,0.901999969482422,0.5170000076293946,0.1029148995876312,Erling Haaland,FromCorner,2023.0,LeftFoot,,,20:00:00,Manchester City,Brentford
2024-02-10,Matchweek 24,Home,W,2,0,Everton,1.6,0.3,72,4-1-4-1,4-2-3-1,23,2,19,3,15.8,0.11,0.67,17.4,0,0,0,1.6,1.6,0.09,0.4,0.4,90,2,0,0,0,4,2,0,0,22,0,0,0,0.7,0.7,0.1,3,1,12,13,92.3,1,12,1,3,2,0.47,85,Left Foot,Kevin De Bruyne,Jordan Pickford,None,26.0,MissedShots,0.94,0.4579999923706054,0.0853118300437927,Erling Haaland,OpenPlay,2023.0,Head,Jéremy Doku,Aerial,12:30:00,Manchester City,Everton
2024-02-10,Matchweek 24,Home,W,2,0,Everton,1.6,0.3,72,4-1-4-1,4-2-3-1,23,2,19,3,15.8,0.11,0.67,17.4,0,0,0,1.6,1.6,0.09,0.4,0.4,90,2,0,0,0,4,2,0,0,22,0,0,0,0.7,0.7,0.1,3,1,12,13,92.3,1,12,1,3,2,0.47,85,Left Foot,Kevin De Bruyne,Jordan Pickford,None,70.0,Goal,0.906999969482422,0.6229999923706054,0.0734920278191566,Erling Haaland,FromCorner,2023.0,RightFoot,Nathan Aké,Rebound,12:30:00,Manchester City,Everton
2024-02-10,Matchweek 24,Home,W,2,0,Everton,1.6,0.3,72,4-1-4-1,4-2-3-1,23,2,19,3,15.8,0.11,0.67,17.4,0,0,0,1.6,1.6,0.09,0.4,0.4,90,2,0,0,0,4,2,0,0,22,0,0,0,0.7,0.7,0.1,3,1,12,13,92.3,1,12,1,3,2,0.47,85,Left Foot,Kevin De Bruyne,Jordan Pickford,None,75.0,BlockedShot,0.8169999694824219,0.495,0.0724244639277458,Erling Haaland,OpenPlay,2023.0,LeftFoot,Julián Álvarez,BallTouch,12:30:00,Manchester City,Everton
2024-02-10,Matchweek 24,Home,W,2,0,Everton,1.6,0.3,72,4-1-4-1,4-2-3-1,23,2,19,3,15.8,0.11,0.67,17.4,0,0,0,1.6,1.6,0.09,0.4,0.4,90,2,0,0,0,4,2,0,0,22,0,0,0,0.7,0.7,0.1,3,1,12,13,92.3,1,12,1,3,2,0.47,85,Left Foot,Kevin De Bruyne,Jordan Pickford,None,84.0,Goal,0.86,0.395,0.3816374242305755,Erling Haaland,OpenPlay,2023.0,LeftFoot,Kevin De Bruyne,TakeOn,12:30:00,Manchester City,Everton
2024-02-10,Matchweek 24,Home,W,2,0,Everton,1.6,0.3,72,4-1-4-1,4-2-3-1,23,2,19,3,15.8,0.11,0.67,17.4,0,0,0,1.6,1.6,0.09,0.4,0.4,90,2,0,0,0,4,2,0,0,22,0,0,0,0.7,0.7,0.1,3,1,12,13,92.3,1,12,1,3,2,0.03,71,Right Foot,Nathan Aké,Jordan Pickford,Volley,26.0,MissedShots,0.94,0.4579999923706054,0.0853118300437927,Erling Haaland,OpenPlay,2023.0,Head,Jéremy Doku,Aerial,12:30:00,Manchester City,Everton
2024-02-10,Matchweek 24,Home,W,2,0,Everton,1.6,0.3,72,4-1-4-1,4-2-3-1,23,2,19,3,15.8,0.11,0.67,17.4,0,0,0,1.6,1.6,0.09,0.4,0.4,90,2,0,0,0,4,2,0,0,22,0,0,0,0.7,0.7,0.1,3,1,12,13,92.3,1,12,1,3,2,0.03,71,Right Foot,Nathan Aké,Jordan Pickford,Volley,70.0,Goal,0.906999969482422,0.6229999923706054,0.0734920278191566,Erling Haaland,FromCorner,2023.0,RightFoot,Nathan Aké,Rebound,12:30:00,Manchester City,Everton
2024-02-10,Matchweek 24,Home,W,2,0,Everton,1.6,0.3,72,4-1-4-1,4-2-3-1,23,2,19,3,15.8,0.11,0.67,17.4,0,0,0,1.6,1.6,0.09,0.4,0.4,90,2,0,0,0,4,2,0,0,22,0,0,0,0.7,0.7,0.1,3,1,12,13,92.3,1,12,1,3,2,0.03,71,Right Foot,Nathan Aké,Jordan Pickford,Volley,75.0,BlockedShot,0.8169999694824219,0.495,0.0724244639277458,Erling Haaland,OpenPlay,2023.0,LeftFoot,Julián Álvarez,BallTouch,12:30:00,Manchester City,Everton
2024-02-10,Matchweek 24,Home,W,2,0,Everton,1.6,0.3,72,4-1-4-1,4-2-3-1,23,2,19,3,15.8,0.11,0.67,17.4,0,0,0,1.6,1.6,0.09,0.4,0.4,90,2,0,0,0,4,2,0,0,22,0,0,0,0.7,0.7,0.1,3,1,12,13,92.3,1,12,1,3,2,0.03,71,Right Foot,Nathan Aké,Jordan Pickford,Volley,84.0,Goal,0.86,0.395,0.3816374242305755,Erling Haaland,OpenPlay,2023.0,LeftFoot,Kevin De Bruyne,TakeOn,12:30:00,Manchester City,Everton
2024-02-17,Matchweek 25,Home,D,1,1,Chelsea,2.6,1.4,70,4-1-4-1,4-2-3-1,24,1,31,5,16.1,0.03,0.2,15.9,1,0,0,2.6,2.6,0.09,-1.6,-1.6,90,0,0,0,0,9,2,0,0,26,1,0,0,1.6,1.6,0.1,2,0,9,12,75.0,0,7,0,0,0,0.0,0,None,None,None,None,11.0,MissedShots,0.924000015258789,0.4909999847412109,0.3918219804763794,Erling Haaland,OpenPlay,2023.0,Head,Julián Álvarez,Cross,17:30:00,Manchester City,Chelsea
2024-02-17,Matchweek 25,Home,D,1,1,Chelsea,2.6,1.4,70,4-1-4-1,4-2-3-1,24,1,31,5,16.1,0.03,0.2,15.9,1,0,0,2.6,2.6,0.09,-1.6,-1.6,90,0,0,0,0,9,2,0,0,26,1,0,0,1.6,1.6,0.1,2,0,9,12,75.0,0,7,0,0,0,0.0,0,None,None,None,None,27.0,BlockedShot,0.915,0.6669999694824219,0.0256069544702768,Erling Haaland,SetPiece,2023.0,Head,Kevin De Bruyne,Chipped,17:30:00,Manchester City,Chelsea
2024-02-17,Matchweek 25,Home,D,1,1,Chelsea,2.6,1.4,70,4-1-4-1,4-2-3-1,24,1,31,5,16.1,0.03,0.2,15.9,1,0,0,2.6,2.6,0.09,-1.6,-1.6,90,0,0,0,0,9,2,0,0,26,1,0,0,1.6,1.6,0.1,2,0,9,12,75.0,0,7,0,0,0,0.0,0,None,None,None,None,44.0,MissedShots,0.9590000152587892,0.45,0.0821221619844436,Erling Haaland,FromCorner,2023.0,Head,,,17:30:00,Manchester City,Chelsea
2024-02-17,Matchweek 25,Home,D,1,1,Chelsea,2.6,1.4,70,4-1-4-1,4-2-3-1,24,1,31,5,16.1,0.03,0.2,15.9,1,0,0,2.6,2.6,0.09,-1.6,-1.6,90,0,0,0,0,9,2,0,0,26,1,0,0,1.6,1.6,0.1,2,0,9,12,75.0,0,7,0,0,0,0.0,0,None,None,None,None,47.0,MissedShots,0.8830000305175781,0.499000015258789,0.0251697171479463,Erling Haaland,OpenPlay,2023.0,Head,Nathan Aké,Aerial,17:30:00,Manchester City,Chelsea
2024-02-17,Matchweek 25,Home,D,1,1,Chelsea,2.6,1.4,70,4-1-4-1,4-2-3-1,24,1,31,5,16.1,0.03,0.2,15.9,1,0,0,2.6,2.6,0.09,-1.6,-1.6,90,0,0,0,0,9,2,0,0,26,1,0,0,1.6,1.6,0.1,2,0,9,12,75.0,0,7,0,0,0,0.0,0,None,None,None,None,50.0,MissedShots,0.9159999847412108,0.5670000076293945,0.4909155666828155,Erling Haaland,OpenPlay,2023.0,LeftFoot,Phil Foden,Cross,17:30:00,Manchester City,Chelsea
2024-02-17,Matchweek 25,Home,D,1,1,Chelsea,2.6,1.4,70,4-1-4-1,4-2-3-1,24,1,31,5,16.1,0.03,0.2,15.9,1,0,0,2.6,2.6,0.09,-1.6,-1.6,90,0,0,0,0,9,2,0,0,26,1,0,0,1.6,1.6,0.1,2,0,9,12,75.0,0,7,0,0,0,0.0,0,None,None,None,None,60.0,BlockedShot,0.948000030517578,0.4879999923706055,0.1017534807324409,Erling Haaland,OpenPlay,2023.0,LeftFoot,Julián Álvarez,BallTouch,17:30:00,Manchester City,Chelsea
2024-02-17,Matchweek 25,Home,D,1,1,Chelsea,2.6,1.4,70,4-1-4-1,4-2-3-1,24,1,31,5,16.1,0.03,0.2,15.9,1,0,0,2.6,2.6,0.09,-1.6,-1.6,90,0,0,0,0,9,2,0,0,26,1,0,0,1.6,1.6,0.1,2,0,9,12,75.0,0,7,0,0,0,0.0,0,None,None,None,None,64.0,SavedShot,0.924000015258789,0.5890000152587891,0.0993904247879982,Erling Haaland,OpenPlay,2023.0,LeftFoot,Jéremy Doku,Pass,17:30:00,Manchester City,Chelsea
2024-02-17,Matchweek 25,Home,D,1,1,Chelsea,2.6,1.4,70,4-1-4-1,4-2-3-1,24,1,31,5,16.1,0.03,0.2,15.9,1,0,0,2.6,2.6,0.09,-1.6,-1.6,90,0,0,0,0,9,2,0,0,26,1,0,0,1.6,1.6,0.1,2,0,9,12,75.0,0,7,0,0,0,0.0,0,None,None,None,None,77.0,MissedShots,0.9340000152587892,0.519000015258789,0.3948966860771179,Erling Haaland,OpenPlay,2023.0,Head,Kevin De Bruyne,Cross,17:30:00,Manchester City,Chelsea
2024-02-17,Matchweek 25,Home,D,1,1,Chelsea,2.6,1.4,70,4-1-4-1,4-2-3-1,24,1,31,5,16.1,0.03,0.2,15.9,1,0,0,2.6,2.6,0.09,-1.6,-1.6,90,0,0,0,0,9,2,0,0,26,1,0,0,1.6,1.6,0.1,2,0,9,12,75.0,0,7,0,0,0,0.0,0,None,None,None,None,89.0,SavedShot,0.93,0.4429999923706054,0.0407108701765537,Erling Haaland,FromCorner,2023.0,Head,Kevin De Bruyne,Aerial,17:30:00,Manchester City,Chelsea
2024-02-17,Matchweek 25,Home,D,1,1,Chelsea,2.6,1.4,70,4-1-4-1,4-2-3-1,24,1,31,5,16.1,0.03,0.2,15.9,1,0,0,2.6,2.6,0.09,-1.6,-1.6,90,0,0,0,0,9,2,0,0,26,1,0,0,1.6,1.6,0.1,2,0,9,12,75.0,0,7,0,0,0,0.0,0,None,None,None,None,93.0,BlockedShot,0.94,0.5329999923706055,0.0869737565517425,Erling Haaland,OpenPlay,2023.0,Head,Bernardo Silva,Aerial,17:30:00,Manchester City,Chelsea
2024-02-20,Matchweek 18,Home,W,1,0,Brentford,2.3,0.4,70,4-2-3-1,3-5-2,25,1,25,10,40.0,0.04,0.1,17.6,0,0,0,2.3,2.3,0.1,-1.3,-1.3,90,1,0,0,0,6,4,0,0,30,0,0,0,0.9,0.9,0.0,1,0,15,16,93.8,3,22,2,1,1,0.32,71,Left Foot,Julián Álvarez,Mark Flekken,None,2.0,SavedShot,0.7930000305175782,0.2029999923706054,0.0137007543817162,Erling Haaland,OpenPlay,2023.0,LeftFoot,,BallRecovery,18:30:00,Manchester City,Brentford
2024-02-20,Matchweek 18,Home,W,1,0,Brentford,2.3,0.4,70,4-2-3-1,3-5-2,25,1,25,10,40.0,0.04,0.1,17.6,0,0,0,2.3,2.3,0.1,-1.3,-1.3,90,1,0,0,0,6,4,0,0,30,0,0,0,0.9,0.9,0.0,1,0,15,16,93.8,3,22,2,1,1,0.32,71,Left Foot,Julián Álvarez,Mark Flekken,None,8.0,MissedShots,0.895,0.5420000076293945,0.048311349004507,Erling Haaland,OpenPlay,2023.0,Head,Bernardo Silva,Chipped,18:30:00,Manchester City,Brentford
2024-02-20,Matchweek 18,Home,W,1,0,Brentford,2.3,0.4,70,4-2-3-1,3-5-2,25,1,25,10,40.0,0.04,0.1,17.6,0,0,0,2.3,2.3,0.1,-1.3,-1.3,90,1,0,0,0,6,4,0,0,30,0,0,0,0.9,0.9,0.0,1,0,15,16,93.8,3,22,2,1,1,0.32,71,Left Foot,Julián Álvarez,Mark Flekken,None,29.0,MissedShots,0.9009999847412108,0.499000015258789,0.1081277355551719,Erling Haaland,OpenPlay,2023.0,LeftFoot,Oscar Bobb,Cross,18:30:00,Manchester City,Brentford
2024-02-20,Matchweek 18,Home,W,1,0,Brentford,2.3,0.4,70,4-2-3-1,3-5-2,25,1,25,10,40.0,0.04,0.1,17.6,0,0,0,2.3,2.3,0.1,-1.3,-1.3,90,1,0,0,0,6,4,0,0,30,0,0,0,0.9,0.9,0.0,1,0,15,16,93.8,3,22,2,1,1,0.32,71,Left Foot,Julián Álvarez,Mark Flekken,None,70.0,Goal,0.8030000305175782,0.5120000076293946,0.256304919719696,Erling Haaland,OpenPlay,2023.0,LeftFoot,Julián Álvarez,Pass,18:30:00,Manchester City,Brentford
2024-02-20,Matchweek 18,Home,W,1,0,Brentford,2.3,0.4,70,4-2-3-1,3-5-2,25,1,25,10,40.0,0.04,0.1,17.6,0,0,0,2.3,2.3,0.1,-1.3,-1.3,90,1,0,0,0,6,4,0,0,30,0,0,0,0.9,0.9,0.0,1,0,15,16,93.8,3,22,2,1,1,0.32,71,Left Foot,Julián Álvarez,Mark Flekken,None,84.0,SavedShot,0.926999969482422,0.3229999923706054,0.0848630890250206,Erling Haaland,OpenPlay,2023.0,RightFoot,Julián Álvarez,Pass,18:30:00,Manchester City,Brentford
2024-02-20,Matchweek 18,Home,W,1,0,Brentford,2.3,0.4,70,4-2-3-1,3-5-2,25,1,25,10,40.0,0.04,0.1,17.6,0,0,0,2.3,2.3,0.1,-1.3,-1.3,90,1,0,0,0,6,4,0,0,30,0,0,0,0.9,0.9,0.0,1,0,15,16,93.8,3,22,2,1,1,0.32,71,Left Foot,Julián Álvarez,Mark Flekken,None,92.0,SavedShot,0.8519999694824218,0.515,0.0746303498744964,Erling Haaland,OpenPlay,2023.0,LeftFoot,Phil Foden,Cross,18:30:00,Manchester City,Brentford
2024-02-24,Matchweek 26,Away,W,1,0,Bournemouth,1.6,0.9,62,3-2-4-1,4-2-3-1,26,1,15,6,40.0,0.07,0.17,15.5,1,0,0,1.6,1.6,0.12,-0.6,-0.6,74,0,0,0,0,4,2,0,0,29,0,0,0,0.4,0.4,0.0,3,1,16,21,76.2,1,19,2,1,0,0.0,0,None,None,None,None,8.0,MissedShots,0.7880000305175782,0.3979999923706054,0.0318400524556636,Erling Haaland,OpenPlay,2023.0,RightFoot,Phil Foden,Pass,17:30:00,Manchester City,Bournemouth
2024-02-24,Matchweek 26,Away,W,1,0,Bournemouth,1.6,0.9,62,3-2-4-1,4-2-3-1,26,1,15,6,40.0,0.07,0.17,15.5,1,0,0,1.6,1.6,0.12,-0.6,-0.6,74,0,0,0,0,4,2,0,0,29,0,0,0,0.4,0.4,0.0,3,1,16,21,76.2,1,19,2,1,0,0.0,0,None,None,None,None,23.0,SavedShot,0.9259999847412108,0.64,0.293916642665863,Erling Haaland,OpenPlay,2023.0,LeftFoot,Mateo Kovacic,Chipped,17:30:00,Manchester City,Bournemouth
2024-02-24,Matchweek 26,Away,W,1,0,Bournemouth,1.6,0.9,62,3-2-4-1,4-2-3-1,26,1,15,6,40.0,0.07,0.17,15.5,1,0,0,1.6,1.6,0.12,-0.6,-0.6,74,0,0,0,0,4,2,0,0,29,0,0,0,0.4,0.4,0.0,3,1,16,21,76.2,1,19,2,1,0,0.0,0,None,None,None,None,51.0,BlockedShot,0.941999969482422,0.34,0.0957591086626052,Erling Haaland,OpenPlay,2023.0,RightFoot,Bernardo Silva,Pass,17:30:00,Manchester City,Bournemouth
2024-02-24,Matchweek 26,Away,W,1,0,Bournemouth,1.6,0.9,62,3-2-4-1,4-2-3-1,26,1,15,6,40.0,0.07,0.17,15.5,1,0,0,1.6,1.6,0.12,-0.6,-0.6,74,0,0,0,0,4,2,0,0,29,0,0,0,0.4,0.4,0.0,3,1,16,21,76.2,1,19,2,1,0,0.0,0,None,None,None,None,74.0,SavedShot,0.9519999694824218,0.6120000076293945,0.3995432257652282,Erling Haaland,OpenPlay,2023.0,LeftFoot,,,17:30:00,Manchester City,Bournemouth
2024-03-03,Matchweek 27,Home,W,3,1,Manchester Utd,3.3,0.2,73,3-2-4-1,4-2-4-0,27,3,27,8,29.6,0.11,0.38,17.7,1,0,0,3.3,3.3,0.12,-0.3,-0.3,90,1,0,0,0,4,1,0,0,14,0,0,0,1.6,1.6,0.0,2,0,5,7,71.4,0,8,0,2,0,0.12,90+1,Left Foot,Rodri,André Onana,None,3.0,MissedShots,0.9209999847412108,0.499000015258789,0.1245168894529342,Erling Haaland,OpenPlay,2023.0,Head,Bernardo Silva,Cross,15:30:00,Manchester City,Manchester United
2024-03-03,Matchweek 27,Home,W,3,1,Manchester Utd,3.3,0.2,73,3-2-4-1,4-2-4-0,27,3,27,8,29.6,0.11,0.38,17.7,1,0,0,3.3,3.3,0.12,-0.3,-0.3,90,1,0,0,0,4,1,0,0,14,0,0,0,1.6,1.6,0.0,2,0,5,7,71.4,0,8,0,2,0,0.12,90+1,Left Foot,Rodri,André Onana,None,31.0,MissedShots,0.9180000305175782,0.4859999847412109,0.0457527674734592,Erling Haaland,OpenPlay,2023.0,Head,,Rebound,15:30:00,Manchester City,Manchester United
2024-03-03,Matchweek 27,Home,W,3,1,Manchester Utd,3.3,0.2,73,3-2-4-1,4-2-4-0,27,3,27,8,29.6,0.11,0.38,17.7,1,0,0,3.3,3.3,0.12,-0.3,-0.3,90,1,0,0,0,4,1,0,0,14,0,0,0,1.6,1.6,0.0,2,0,5,7,71.4,0,8,0,2,0,0.12,90+1,Left Foot,Rodri,André Onana,None,44.0,MissedShots,0.973000030517578,0.5259999847412109,0.6609540581703186,Erling Haaland,OpenPlay,2023.0,LeftFoot,Phil Foden,HeadPass,15:30:00,Manchester City,Manchester United
2024-03-03,Matchweek 27,Home,W,3,1,Manchester Utd,3.3,0.2,73,3-2-4-1,4-2-4-0,27,3,27,8,29.6,0.11,0.38,17.7,1,0,0,3.3,3.3,0.12,-0.3,-0.3,90,1,0,0,0,4,1,0,0,14,0,0,0,1.6,1.6,0.0,2,0,5,7,71.4,0,8,0,2,0,0.12,90+1,Left Foot,Rodri,André Onana,None,90.0,Goal,0.879000015258789,0.3279999923706054,0.2686331570148468,Erling Haaland,OpenPlay,2023.0,LeftFoot,Rodri,Pass,15:30:00,Manchester City,Manchester United
2024-03-10,Matchweek 28,Away,D,1,1,Liverpool,1.6,2.7,47,3-2-4-1,4-3-3,28,1,10,6,60.0,0.1,0.17,18.6,0,0,0,1.6,1.6,0.16,-0.6,-0.6,90,0,0,0,0,1,1,0,0,19,1,0,0,0.1,0.1,0.1,4,0,12,15,80.0,2,11,2,3,1,0.0,0,None,None,None,None,38.0,SavedShot,0.8190000152587891,0.57,0.1155040189623832,Erling Haaland,OpenPlay,2023.0,LeftFoot,,,15:45:00,Manchester City,Liverpool
2024-03-31,Matchweek 30,Home,D,0,0,Arsenal,1.0,0.7,72,4-1-4-1,4-3-3,29,0,12,1,8.3,0.0,0.0,14.2,0,0,0,1.0,1.0,0.09,-1.0,-1.0,90,0,0,0,0,4,0,0,0,19,0,0,0,0.3,0.3,0.0,1,0,7,11,63.6,0,13,1,0,0,0.0,0,None,None,None,None,36.0,MissedShots,0.9340000152587892,0.439000015258789,0.0633136555552482,Erling Haaland,OpenPlay,2023.0,Head,Josko Gvardiol,Aerial,16:30:00,Manchester City,Arsenal
2024-03-31,Matchweek 30,Home,D,0,0,Arsenal,1.0,0.7,72,4-1-4-1,4-3-3,29,0,12,1,8.3,0.0,0.0,14.2,0,0,0,1.0,1.0,0.09,-1.0,-1.0,90,0,0,0,0,4,0,0,0,19,0,0,0,0.3,0.3,0.0,1,0,7,11,63.6,0,13,1,0,0,0.0,0,None,None,None,None,63.0,BlockedShot,0.855,0.495,0.0794888958334922,Erling Haaland,OpenPlay,2023.0,LeftFoot,Rodri,Chipped,16:30:00,Manchester City,Arsenal
2024-03-31,Matchweek 30,Home,D,0,0,Arsenal,1.0,0.7,72,4-1-4-1,4-3-3,29,0,12,1,8.3,0.0,0.0,14.2,0,0,0,1.0,1.0,0.09,-1.0,-1.0,90,0,0,0,0,4,0,0,0,19,0,0,0,0.3,0.3,0.0,1,0,7,11,63.6,0,13,1,0,0,0.0,0,None,None,None,None,91.0,BlockedShot,0.9059999847412108,0.509000015258789,0.0269249808043241,Erling Haaland,FromCorner,2023.0,Head,Kevin De Bruyne,Aerial,16:30:00,Manchester City,Arsenal
2024-03-31,Matchweek 30,Home,D,0,0,Arsenal,1.0,0.7,72,4-1-4-1,4-3-3,29,0,12,1,8.3,0.0,0.0,14.2,0,0,0,1.0,1.0,0.09,-1.0,-1.0,90,0,0,0,0,4,0,0,0,19,0,0,0,0.3,0.3,0.0,1,0,7,11,63.6,0,13,1,0,0,0.0,0,None,None,None,None,92.0,MissedShots,0.9259999847412108,0.5379999923706055,0.063234344124794,Erling Haaland,OpenPlay,2023.0,Head,,Aerial,16:30:00,Manchester City,Arsenal
2024-04-03,Matchweek 31,Home,W,4,1,Aston Villa,3.4,0.8,67,4-2-3-1,4-2-3-1,30,4,25,11,44.0,0.16,0.36,15.9,2,0,0,3.4,3.4,0.14,0.6,0.6,0,0,0,0,0,0,0,0,0,0,0,0,0,0.0,0.0,0.0,0,0,0,0,0.0,0,0,0,0,0,0.0,0,None,None,None,None,,,,,,,,,,,,,,
2024-04-06,Matchweek 32,Away,W,4,2,Crystal Palace,1.9,1.1,75,3-2-4-1,3-4-3,31,4,18,8,44.4,0.22,0.5,16.1,0,0,0,1.9,1.9,0.11,2.1,2.1,90,1,0,0,0,2,2,0,0,22,0,0,0,0.6,0.6,0.3,2,0,13,16,81.3,0,12,2,3,1,0.28,66,Left Foot,Kevin De Bruyne,Dean Henderson,None,18.0,SavedShot,0.8380000305175781,0.5429999923706055,0.3197339177131653,Erling Haaland,OpenPlay,2023.0,LeftFoot,Kevin De Bruyne,Throughball,11:30:00,Manchester City,Crystal Palace
2024-04-06,Matchweek 32,Away,W,4,2,Crystal Palace,1.9,1.1,75,3-2-4-1,3-4-3,31,4,18,8,44.4,0.22,0.5,16.1,0,0,0,1.9,1.9,0.11,2.1,2.1,90,1,0,0,0,2,2,0,0,22,0,0,0,0.6,0.6,0.3,2,0,13,16,81.3,0,12,2,3,1,0.28,66,Left Foot,Kevin De Bruyne,Dean Henderson,None,65.0,Goal,0.9440000152587892,0.5220000076293946,0.6212957501411438,Erling Haaland,OpenPlay,2023.0,LeftFoot,Kevin De Bruyne,Pass,11:30:00,Manchester City,Crystal Palace
2024-04-13,Matchweek 33,Home,W,5,1,Luton Town,4.2,0.5,73,4-2-3-1,3-4-3,32,4,36,12,33.3,0.08,0.25,16.9,0,1,1,4.2,3.4,0.1,-0.2,-0.4,80,1,0,1,1,4,1,0,0,24,0,1,0,1.8,1.0,0.1,3,0,12,15,80.0,0,11,2,0,0,0.79,76,Left Foot,None,Thomas Kaminski,None,1.0,MissedShots,0.8969999694824219,0.4670000076293945,0.1198847740888595,Erling Haaland,OpenPlay,2023.0,LeftFoot,,Rebound,14:00:00,Manchester City,Luton
2024-04-13,Matchweek 33,Home,W,5,1,Luton Town,4.2,0.5,73,4-2-3-1,3-4-3,32,4,36,12,33.3,0.08,0.25,16.9,0,1,1,4.2,3.4,0.1,-0.2,-0.4,80,1,0,1,1,4,1,0,0,24,0,1,0,1.8,1.0,0.1,3,0,12,15,80.0,0,11,2,0,0,0.79,76,Left Foot,None,Thomas Kaminski,None,1.0,SavedShot,0.845,0.509000015258789,0.2417893707752227,Erling Haaland,OpenPlay,2023.0,RightFoot,Kevin De Bruyne,Pass,14:00:00,Manchester City,Luton
2024-04-13,Matchweek 33,Home,W,5,1,Luton Town,4.2,0.5,73,4-2-3-1,3-4-3,32,4,36,12,33.3,0.08,0.25,16.9,0,1,1,4.2,3.4,0.1,-0.2,-0.4,80,1,0,1,1,4,1,0,0,24,0,1,0,1.8,1.0,0.1,3,0,12,15,80.0,0,11,2,0,0,0.79,76,Left Foot,None,Thomas Kaminski,None,17.0,MissedShots,0.955,0.5579999923706055,0.4838408529758453,Erling Haaland,OpenPlay,2023.0,LeftFoot,Kevin De Bruyne,Cross,14:00:00,Manchester City,Luton
2024-04-13,Matchweek 33,Home,W,5,1,Luton Town,4.2,0.5,73,4-2-3-1,3-4-3,32,4,36,12,33.3,0.08,0.25,16.9,0,1,1,4.2,3.4,0.1,-0.2,-0.4,80,1,0,1,1,4,1,0,0,24,0,1,0,1.8,1.0,0.1,3,0,12,15,80.0,0,11,2,0,0,0.79,76,Left Foot,None,Thomas Kaminski,None,24.0,BlockedShot,0.8880000305175781,0.5,0.1201772093772888,Erling Haaland,OpenPlay,2023.0,LeftFoot,,,14:00:00,Manchester City,Luton
2024-04-13,Matchweek 33,Home,W,5,1,Luton Town,4.2,0.5,73,4-2-3-1,3-4-3,32,4,36,12,33.3,0.08,0.25,16.9,0,1,1,4.2,3.4,0.1,-0.2,-0.4,80,1,0,1,1,4,1,0,0,24,0,1,0,1.8,1.0,0.1,3,0,12,15,80.0,0,11,2,0,0,0.79,76,Left Foot,None,Thomas Kaminski,None,75.0,Goal,0.885,0.5,0.7611688375473022,Erling Haaland,Penalty,2023.0,LeftFoot,,Standard,14:00:00,Manchester City,Luton
2024-04-25,Matchweek 29,Away,W,4,0,Brighton,1.4,0.6,64,4-1-4-1,4-2-3-1,33,4,14,6,42.9,0.29,0.67,17.0,1,0,0,1.4,1.4,0.1,2.6,2.6,0,0,0,0,0,0,0,0,0,0,0,0,0,0.0,0.0,0.0,0,0,0,0,0.0,0,0,0,0,0,0.0,0,None,None,None,None,,,,,,,,,,,,,,
2024-04-28,Matchweek 35,Away,W,2,0,Nott'ham Forest,0.9,1.9,66,4-1-4-1,5-4-1,34,2,11,5,45.5,0.18,0.4,18.7,1,0,0,0.9,0.9,0.08,1.1,1.1,29,1,0,0,0,2,2,0,0,17,0,0,0,0.4,0.4,0.0,2,0,11,12,91.7,0,11,4,3,1,0.36,71,Right Foot,Kevin De Bruyne,Matz Sels,None,70.0,Goal,0.905,0.409000015258789,0.3861182034015655,Erling Haaland,OpenPlay,2023.0,RightFoot,Kevin De Bruyne,Pass,15:30:00,Manchester City,Nottingham Forest
2024-04-28,Matchweek 35,Away,W,2,0,Nott'ham Forest,0.9,1.9,66,4-1-4-1,5-4-1,34,2,11,5,45.5,0.18,0.4,18.7,1,0,0,0.9,0.9,0.08,1.1,1.1,29,1,0,0,0,2,2,0,0,17,0,0,0,0.4,0.4,0.0,2,0,11,12,91.7,0,11,4,3,1,0.36,71,Right Foot,Kevin De Bruyne,Matz Sels,None,94.0,SavedShot,0.94,0.6409999847412109,0.1071503907442092,Erling Haaland,OpenPlay,2023.0,LeftFoot,Oscar Bobb,Pass,15:30:00,Manchester City,Nottingham Forest
2024-05-04,Matchweek 36,Home,W,5,1,Wolves,3.7,0.3,58,4-2-3-1,3-5-2,35,5,18,10,55.6,0.17,0.3,15.3,0,2,2,3.7,2.1,0.12,1.3,0.9,81,4,0,2,2,6,5,0,0,27,0,0,0,2.1,0.5,0.1,1,1,10,15,66.7,2,12,2,1,0,0.09,54,Left Foot,Phil Foden,José Sá,None,11.0,Goal,0.885,0.5,0.7611688375473022,Erling Haaland,Penalty,2023.0,LeftFoot,,Standard,16:30:00,Manchester City,Wolverhampton Wanderers
2024-05-04,Matchweek 36,Home,W,5,1,Wolves,3.7,0.3,58,4-2-3-1,3-5-2,35,5,18,10,55.6,0.17,0.3,15.3,0,2,2,3.7,2.1,0.12,1.3,0.9,81,4,0,2,2,6,5,0,0,27,0,0,0,2.1,0.5,0.1,1,1,10,15,66.7,2,12,2,1,0,0.09,54,Left Foot,Phil Foden,José Sá,None,16.0,SavedShot,0.926999969482422,0.5570000076293945,0.4206187129020691,Erling Haaland,OpenPlay,2023.0,Head,Bernardo Silva,Aerial,16:30:00,Manchester City,Wolverhampton Wanderers
2024-05-04,Matchweek 36,Home,W,5,1,Wolves,3.7,0.3,58,4-2-3-1,3-5-2,35,5,18,10,55.6,0.17,0.3,15.3,0,2,2,3.7,2.1,0.12,1.3,0.9,81,4,0,2,2,6,5,0,0,27,0,0,0,2.1,0.5,0.1,1,1,10,15,66.7,2,12,2,1,0,0.09,54,Left Foot,Phil Foden,José Sá,None,34.0,Goal,0.95,0.5990000152587891,0.0497245080769062,Erling Haaland,OpenPlay,2023.0,Head,Rodri,Chipped,16:30:00,Manchester City,Wolverhampton Wanderers
2024-05-04,Matchweek 36,Home,W,5,1,Wolves,3.7,0.3,58,4-2-3-1,3-5-2,35,5,18,10,55.6,0.17,0.3,15.3,0,2,2,3.7,2.1,0.12,1.3,0.9,81,4,0,2,2,6,5,0,0,27,0,0,0,2.1,0.5,0.1,1,1,10,15,66.7,2,12,2,1,0,0.09,54,Left Foot,Phil Foden,José Sá,None,47.0,Goal,0.885,0.5,0.7611688375473022,Erling Haaland,Penalty,2023.0,LeftFoot,,Standard,16:30:00,Manchester City,Wolverhampton Wanderers
2024-05-04,Matchweek 36,Home,W,5,1,Wolves,3.7,0.3,58,4-2-3-1,3-5-2,35,5,18,10,55.6,0.17,0.3,15.3,0,2,2,3.7,2.1,0.12,1.3,0.9,81,4,0,2,2,6,5,0,0,27,0,0,0,2.1,0.5,0.1,1,1,10,15,66.7,2,12,2,1,0,0.09,54,Left Foot,Phil Foden,José Sá,None,53.0,Goal,0.8719999694824219,0.3770000076293945,0.1067220047116279,Erling Haaland,OpenPlay,2023.0,LeftFoot,Phil Foden,Chipped,16:30:00,Manchester City,Wolverhampton Wanderers
2024-05-04,Matchweek 36,Home,W,5,1,Wolves,3.7,0.3,58,4-2-3-1,3-5-2,35,5,18,10,55.6,0.17,0.3,15.3,0,2,2,3.7,2.1,0.12,1.3,0.9,81,4,0,2,2,6,5,0,0,27,0,0,0,2.1,0.5,0.1,1,1,10,15,66.7,2,12,2,1,0,0.09,54,Left Foot,Phil Foden,José Sá,None,57.0,BlockedShot,0.8569999694824219,0.5790000152587891,0.1043671742081642,Erling Haaland,OpenPlay,2023.0,LeftFoot,Kevin De Bruyne,Pass,16:30:00,Manchester City,Wolverhampton Wanderers
2024-05-04,Matchweek 36,Home,W,5,1,Wolves,3.7,0.3,58,4-2-3-1,3-5-2,35,5,18,10,55.6,0.17,0.3,15.3,0,2,2,3.7,2.1,0.12,1.3,0.9,81,4,0,2,2,6,5,0,0,27,0,0,0,2.1,0.5,0.1,1,1,10,15,66.7,2,12,2,1,0,0.09,54,Left Foot,Phil Foden,José Sá,None,59.0,SavedShot,0.904000015258789,0.435,0.4304244518280029,Erling Haaland,OpenPlay,2023.0,RightFoot,Josko Gvardiol,Pass,16:30:00,Manchester City,Wolverhampton Wanderers
2024-05-04,Matchweek 36,Home,W,5,1,Wolves,3.7,0.3,58,4-2-3-1,3-5-2,35,5,18,10,55.6,0.17,0.3,15.3,0,2,2,3.7,2.1,0.12,1.3,0.9,81,4,0,2,2,6,5,0,0,27,0,0,0,2.1,0.5,0.1,1,1,10,15,66.7,2,12,2,1,0,0.09,54,Left Foot,Phil Foden,José Sá,None,76.0,SavedShot,0.904000015258789,0.53,0.0932508632540702,Erling Haaland,OpenPlay,2023.0,Head,Bernardo Silva,Cross,16:30:00,Manchester City,Wolverhampton Wanderers
2024-05-04,Matchweek 36,Home,W,5,1,Wolves,3.7,0.3,58,4-2-3-1,3-5-2,35,5,18,10,55.6,0.17,0.3,15.3,0,2,2,3.7,2.1,0.12,1.3,0.9,81,4,0,2,2,6,5,0,0,27,0,0,0,2.1,0.5,0.1,1,1,10,15,66.7,2,12,2,1,0,0.79,45+3,Left Foot,None,José Sá,None,11.0,Goal,0.885,0.5,0.7611688375473022,Erling Haaland,Penalty,2023.0,LeftFoot,,Standard,16:30:00,Manchester City,Wolverhampton Wanderers
2024-05-04,Matchweek 36,Home,W,5,1,Wolves,3.7,0.3,58,4-2-3-1,3-5-2,35,5,18,10,55.6,0.17,0.3,15.3,0,2,2,3.7,2.1,0.12,1.3,0.9,81,4,0,2,2,6,5,0,0,27,0,0,0,2.1,0.5,0.1,1,1,10,15,66.7,2,12,2,1,0,0.79,45+3,Left Foot,None,José Sá,None,16.0,SavedShot,0.926999969482422,0.5570000076293945,0.4206187129020691,Erling Haaland,OpenPlay,2023.0,Head,Bernardo Silva,Aerial,16:30:00,Manchester City,Wolverhampton Wanderers
2024-05-04,Matchweek 36,Home,W,5,1,Wolves,3.7,0.3,58,4-2-3-1,3-5-2,35,5,18,10,55.6,0.17,0.3,15.3,0,2,2,3.7,2.1,0.12,1.3,0.9,81,4,0,2,2,6,5,0,0,27,0,0,0,2.1,0.5,0.1,1,1,10,15,66.7,2,12,2,1,0,0.79,45+3,Left Foot,None,José Sá,None,34.0,Goal,0.95,0.5990000152587891,0.0497245080769062,Erling Haaland,OpenPlay,2023.0,Head,Rodri,Chipped,16:30:00,Manchester City,Wolverhampton Wanderers
2024-05-04,Matchweek 36,Home,W,5,1,Wolves,3.7,0.3,58,4-2-3-1,3-5-2,35,5,18,10,55.6,0.17,0.3,15.3,0,2,2,3.7,2.1,0.12,1.3,0.9,81,4,0,2,2,6,5,0,0,27,0,0,0,2.1,0.5,0.1,1,1,10,15,66.7,2,12,2,1,0,0.79,45+3,Left Foot,None,José Sá,None,47.0,Goal,0.885,0.5,0.7611688375473022,Erling Haaland,Penalty,2023.0,LeftFoot,,Standard,16:30:00,Manchester City,Wolverhampton Wanderers
2024-05-04,Matchweek 36,Home,W,5,1,Wolves,3.7,0.3,58,4-2-3-1,3-5-2,35,5,18,10,55.6,0.17,0.3,15.3,0,2,2,3.7,2.1,0.12,1.3,0.9,81,4,0,2,2,6,5,0,0,27,0,0,0,2.1,0.5,0.1,1,1,10,15,66.7,2,12,2,1,0,0.79,45+3,Left Foot,None,José Sá,None,53.0,Goal,0.8719999694824219,0.3770000076293945,0.1067220047116279,Erling Haaland,OpenPlay,2023.0,LeftFoot,Phil Foden,Chipped,16:30:00,Manchester City,Wolverhampton Wanderers
2024-05-04,Matchweek 36,Home,W,5,1,Wolves,3.7,0.3,58,4-2-3-1,3-5-2,35,5,18,10,55.6,0.17,0.3,15.3,0,2,2,3.7,2.1,0.12,1.3,0.9,81,4,0,2,2,6,5,0,0,27,0,0,0,2.1,0.5,0.1,1,1,10,15,66.7,2,12,2,1,0,0.79,45+3,Left Foot,None,José Sá,None,57.0,BlockedShot,0.8569999694824219,0.5790000152587891,0.1043671742081642,Erling Haaland,OpenPlay,2023.0,LeftFoot,Kevin De Bruyne,Pass,16:30:00,Manchester City,Wolverhampton Wanderers
2024-05-04,Matchweek 36,Home,W,5,1,Wolves,3.7,0.3,58,4-2-3-1,3-5-2,35,5,18,10,55.6,0.17,0.3,15.3,0,2,2,3.7,2.1,0.12,1.3,0.9,81,4,0,2,2,6,5,0,0,27,0,0,0,2.1,0.5,0.1,1,1,10,15,66.7,2,12,2,1,0,0.79,45+3,Left Foot,None,José Sá,None,59.0,SavedShot,0.904000015258789,0.435,0.4304244518280029,Erling Haaland,OpenPlay,2023.0,RightFoot,Josko Gvardiol,Pass,16:30:00,Manchester City,Wolverhampton Wanderers
2024-05-04,Matchweek 36,Home,W,5,1,Wolves,3.7,0.3,58,4-2-3-1,3-5-2,35,5,18,10,55.6,0.17,0.3,15.3,0,2,2,3.7,2.1,0.12,1.3,0.9,81,4,0,2,2,6,5,0,0,27,0,0,0,2.1,0.5,0.1,1,1,10,15,66.7,2,12,2,1,0,0.79,45+3,Left Foot,None,José Sá,None,76.0,SavedShot,0.904000015258789,0.53,0.0932508632540702,Erling Haaland,OpenPlay,2023.0,Head,Bernardo Silva,Cross,16:30:00,Manchester City,Wolverhampton Wanderers
2024-05-04,Matchweek 36,Home,W,5,1,Wolves,3.7,0.3,58,4-2-3-1,3-5-2,35,5,18,10,55.6,0.17,0.3,15.3,0,2,2,3.7,2.1,0.12,1.3,0.9,81,4,0,2,2,6,5,0,0,27,0,0,0,2.1,0.5,0.1,1,1,10,15,66.7,2,12,2,1,0,0.08,35,Head,Rodri,José Sá,None,11.0,Goal,0.885,0.5,0.7611688375473022,Erling Haaland,Penalty,2023.0,LeftFoot,,Standard,16:30:00,Manchester City,Wolverhampton Wanderers
2024-05-04,Matchweek 36,Home,W,5,1,Wolves,3.7,0.3,58,4-2-3-1,3-5-2,35,5,18,10,55.6,0.17,0.3,15.3,0,2,2,3.7,2.1,0.12,1.3,0.9,81,4,0,2,2,6,5,0,0,27,0,0,0,2.1,0.5,0.1,1,1,10,15,66.7,2,12,2,1,0,0.08,35,Head,Rodri,José Sá,None,16.0,SavedShot,0.926999969482422,0.5570000076293945,0.4206187129020691,Erling Haaland,OpenPlay,2023.0,Head,Bernardo Silva,Aerial,16:30:00,Manchester City,Wolverhampton Wanderers
2024-05-04,Matchweek 36,Home,W,5,1,Wolves,3.7,0.3,58,4-2-3-1,3-5-2,35,5,18,10,55.6,0.17,0.3,15.3,0,2,2,3.7,2.1,0.12,1.3,0.9,81,4,0,2,2,6,5,0,0,27,0,0,0,2.1,0.5,0.1,1,1,10,15,66.7,2,12,2,1,0,0.08,35,Head,Rodri,José Sá,None,34.0,Goal,0.95,0.5990000152587891,0.0497245080769062,Erling Haaland,OpenPlay,2023.0,Head,Rodri,Chipped,16:30:00,Manchester City,Wolverhampton Wanderers
2024-05-04,Matchweek 36,Home,W,5,1,Wolves,3.7,0.3,58,4-2-3-1,3-5-2,35,5,18,10,55.6,0.17,0.3,15.3,0,2,2,3.7,2.1,0.12,1.3,0.9,81,4,0,2,2,6,5,0,0,27,0,0,0,2.1,0.5,0.1,1,1,10,15,66.7,2,12,2,1,0,0.08,35,Head,Rodri,José Sá,None,47.0,Goal,0.885,0.5,0.7611688375473022,Erling Haaland,Penalty,2023.0,LeftFoot,,Standard,16:30:00,Manchester City,Wolverhampton Wanderers
2024-05-04,Matchweek 36,Home,W,5,1,Wolves,3.7,0.3,58,4-2-3-1,3-5-2,35,5,18,10,55.6,0.17,0.3,15.3,0,2,2,3.7,2.1,0.12,1.3,0.9,81,4,0,2,2,6,5,0,0,27,0,0,0,2.1,0.5,0.1,1,1,10,15,66.7,2,12,2,1,0,0.08,35,Head,Rodri,José Sá,None,53.0,Goal,0.8719999694824219,0.3770000076293945,0.1067220047116279,Erling Haaland,OpenPlay,2023.0,LeftFoot,Phil Foden,Chipped,16:30:00,Manchester City,Wolverhampton Wanderers
2024-05-04,Matchweek 36,Home,W,5,1,Wolves,3.7,0.3,58,4-2-3-1,3-5-2,35,5,18,10,55.6,0.17,0.3,15.3,0,2,2,3.7,2.1,0.12,1.3,0.9,81,4,0,2,2,6,5,0,0,27,0,0,0,2.1,0.5,0.1,1,1,10,15,66.7,2,12,2,1,0,0.08,35,Head,Rodri,José Sá,None,57.0,BlockedShot,0.8569999694824219,0.5790000152587891,0.1043671742081642,Erling Haaland,OpenPlay,2023.0,LeftFoot,Kevin De Bruyne,Pass,16:30:00,Manchester City,Wolverhampton Wanderers
2024-05-04,Matchweek 36,Home,W,5,1,Wolves,3.7,0.3,58,4-2-3-1,3-5-2,35,5,18,10,55.6,0.17,0.3,15.3,0,2,2,3.7,2.1,0.12,1.3,0.9,81,4,0,2,2,6,5,0,0,27,0,0,0,2.1,0.5,0.1,1,1,10,15,66.7,2,12,2,1,0,0.08,35,Head,Rodri,José Sá,None,59.0,SavedShot,0.904000015258789,0.435,0.4304244518280029,Erling Haaland,OpenPlay,2023.0,RightFoot,Josko Gvardiol,Pass,16:30:00,Manchester City,Wolverhampton Wanderers
2024-05-04,Matchweek 36,Home,W,5,1,Wolves,3.7,0.3,58,4-2-3-1,3-5-2,35,5,18,10,55.6,0.17,0.3,15.3,0,2,2,3.7,2.1,0.12,1.3,0.9,81,4,0,2,2,6,5,0,0,27,0,0,0,2.1,0.5,0.1,1,1,10,15,66.7,2,12,2,1,0,0.08,35,Head,Rodri,José Sá,None,76.0,SavedShot,0.904000015258789,0.53,0.0932508632540702,Erling Haaland,OpenPlay,2023.0,Head,Bernardo Silva,Cross,16:30:00,Manchester City,Wolverhampton Wanderers
2024-05-04,Matchweek 36,Home,W,5,1,Wolves,3.7,0.3,58,4-2-3-1,3-5-2,35,5,18,10,55.6,0.17,0.3,15.3,0,2,2,3.7,2.1,0.12,1.3,0.9,81,4,0,2,2,6,5,0,0,27,0,0,0,2.1,0.5,0.1,1,1,10,15,66.7,2,12,2,1,0,0.79,12,Left Foot,None,José Sá,None,11.0,Goal,0.885,0.5,0.7611688375473022,Erling Haaland,Penalty,2023.0,LeftFoot,,Standard,16:30:00,Manchester City,Wolverhampton Wanderers
2024-05-04,Matchweek 36,Home,W,5,1,Wolves,3.7,0.3,58,4-2-3-1,3-5-2,35,5,18,10,55.6,0.17,0.3,15.3,0,2,2,3.7,2.1,0.12,1.3,0.9,81,4,0,2,2,6,5,0,0,27,0,0,0,2.1,0.5,0.1,1,1,10,15,66.7,2,12,2,1,0,0.79,12,Left Foot,None,José Sá,None,16.0,SavedShot,0.926999969482422,0.5570000076293945,0.4206187129020691,Erling Haaland,OpenPlay,2023.0,Head,Bernardo Silva,Aerial,16:30:00,Manchester City,Wolverhampton Wanderers
2024-05-04,Matchweek 36,Home,W,5,1,Wolves,3.7,0.3,58,4-2-3-1,3-5-2,35,5,18,10,55.6,0.17,0.3,15.3,0,2,2,3.7,2.1,0.12,1.3,0.9,81,4,0,2,2,6,5,0,0,27,0,0,0,2.1,0.5,0.1,1,1,10,15,66.7,2,12,2,1,0,0.79,12,Left Foot,None,José Sá,None,34.0,Goal,0.95,0.5990000152587891,0.0497245080769062,Erling Haaland,OpenPlay,2023.0,Head,Rodri,Chipped,16:30:00,Manchester City,Wolverhampton Wanderers
2024-05-04,Matchweek 36,Home,W,5,1,Wolves,3.7,0.3,58,4-2-3-1,3-5-2,35,5,18,10,55.6,0.17,0.3,15.3,0,2,2,3.7,2.1,0.12,1.3,0.9,81,4,0,2,2,6,5,0,0,27,0,0,0,2.1,0.5,0.1,1,1,10,15,66.7,2,12,2,1,0,0.79,12,Left Foot,None,José Sá,None,47.0,Goal,0.885,0.5,0.7611688375473022,Erling Haaland,Penalty,2023.0,LeftFoot,,Standard,16:30:00,Manchester City,Wolverhampton Wanderers
2024-05-04,Matchweek 36,Home,W,5,1,Wolves,3.7,0.3,58,4-2-3-1,3-5-2,35,5,18,10,55.6,0.17,0.3,15.3,0,2,2,3.7,2.1,0.12,1.3,0.9,81,4,0,2,2,6,5,0,0,27,0,0,0,2.1,0.5,0.1,1,1,10,15,66.7,2,12,2,1,0,0.79,12,Left Foot,None,José Sá,None,53.0,Goal,0.8719999694824219,0.3770000076293945,0.1067220047116279,Erling Haaland,OpenPlay,2023.0,LeftFoot,Phil Foden,Chipped,16:30:00,Manchester City,Wolverhampton Wanderers
2024-05-04,Matchweek 36,Home,W,5,1,Wolves,3.7,0.3,58,4-2-3-1,3-5-2,35,5,18,10,55.6,0.17,0.3,15.3,0,2,2,3.7,2.1,0.12,1.3,0.9,81,4,0,2,2,6,5,0,0,27,0,0,0,2.1,0.5,0.1,1,1,10,15,66.7,2,12,2,1,0,0.79,12,Left Foot,None,José Sá,None,57.0,BlockedShot,0.8569999694824219,0.5790000152587891,0.1043671742081642,Erling Haaland,OpenPlay,2023.0,LeftFoot,Kevin De Bruyne,Pass,16:30:00,Manchester City,Wolverhampton Wanderers
2024-05-04,Matchweek 36,Home,W,5,1,Wolves,3.7,0.3,58,4-2-3-1,3-5-2,35,5,18,10,55.6,0.17,0.3,15.3,0,2,2,3.7,2.1,0.12,1.3,0.9,81,4,0,2,2,6,5,0,0,27,0,0,0,2.1,0.5,0.1,1,1,10,15,66.7,2,12,2,1,0,0.79,12,Left Foot,None,José Sá,None,59.0,SavedShot,0.904000015258789,0.435,0.4304244518280029,Erling Haaland,OpenPlay,2023.0,RightFoot,Josko Gvardiol,Pass,16:30:00,Manchester City,Wolverhampton Wanderers
2024-05-04,Matchweek 36,Home,W,5,1,Wolves,3.7,0.3,58,4-2-3-1,3-5-2,35,5,18,10,55.6,0.17,0.3,15.3,0,2,2,3.7,2.1,0.12,1.3,0.9,81,4,0,2,2,6,5,0,0,27,0,0,0,2.1,0.5,0.1,1,1,10,15,66.7,2,12,2,1,0,0.79,12,Left Foot,None,José Sá,None,76.0,SavedShot,0.904000015258789,0.53,0.0932508632540702,Erling Haaland,OpenPlay,2023.0,Head,Bernardo Silva,Cross,16:30:00,Manchester City,Wolverhampton Wanderers
2024-05-11,Matchweek 37,Away,W,4,0,Fulham,3.2,0.1,64,4-2-3-1,4-2-3-1,36,4,15,8,53.3,0.2,0.38,17.6,0,1,1,3.2,2.4,0.16,0.8,0.6,81,0,0,0,0,3,0,0,0,17,1,0,1,0.6,0.6,0.0,2,0,8,10,80.0,2,8,2,0,0,0.0,0,None,None,None,None,14.0,MissedShots,0.875999984741211,0.49,0.1023066043853759,Erling Haaland,OpenPlay,2023.0,RightFoot,Bernardo Silva,HeadPass,11:30:00,Manchester City,Fulham
2024-05-11,Matchweek 37,Away,W,4,0,Fulham,3.2,0.1,64,4-2-3-1,4-2-3-1,36,4,15,8,53.3,0.2,0.38,17.6,0,1,1,3.2,2.4,0.16,0.8,0.6,81,0,0,0,0,3,0,0,0,17,1,0,1,0.6,0.6,0.0,2,0,8,10,80.0,2,8,2,0,0,0.0,0,None,None,None,None,60.0,MissedShots,0.8730000305175781,0.37,0.2620955407619476,Erling Haaland,OpenPlay,2023.0,LeftFoot,Kevin De Bruyne,Pass,11:30:00,Manchester City,Fulham
2024-05-11,Matchweek 37,Away,W,4,0,Fulham,3.2,0.1,64,4-2-3-1,4-2-3-1,36,4,15,8,53.3,0.2,0.38,17.6,0,1,1,3.2,2.4,0.16,0.8,0.6,81,0,0,0,0,3,0,0,0,17,1,0,1,0.6,0.6,0.0,2,0,8,10,80.0,2,8,2,0,0,0.0,0,None,None,None,None,67.0,BlockedShot,0.8469999694824218,0.3629999923706055,0.1305818259716034,Erling Haaland,OpenPlay,2023.0,LeftFoot,Kevin De Bruyne,TakeOn,11:30:00,Manchester City,Fulham
2024-05-14,Matchweek 34,Away,W,2,0,Tottenham,2.4,1.7,47,4-2-3-1,4-3-1-2,37,2,7,4,57.1,0.14,0.25,14.5,0,1,1,2.4,1.6,0.23,-0.4,-0.6,89,2,0,1,1,1,1,0,0,23,0,0,1,1.7,0.9,0.0,0,0,12,14,85.7,3,6,0,0,0,0.79,90+1,Left Foot,None,Guglielmo Vicario,None,50.0,Goal,0.978000030517578,0.5220000076293946,0.9445824027061462,Erling Haaland,OpenPlay,2023.0,LeftFoot,Kevin De Bruyne,Pass,19:00:00,Manchester City,Tottenham
2024-05-14,Matchweek 34,Away,W,2,0,Tottenham,2.4,1.7,47,4-2-3-1,4-3-1-2,37,2,7,4,57.1,0.14,0.25,14.5,0,1,1,2.4,1.6,0.23,-0.4,-0.6,89,2,0,1,1,1,1,0,0,23,0,0,1,1.7,0.9,0.0,0,0,12,14,85.7,3,6,0,0,0,0.79,90+1,Left Foot,None,Guglielmo Vicario,None,90.0,Goal,0.885,0.5,0.7611688375473022,Erling Haaland,Penalty,2023.0,LeftFoot,,Standard,19:00:00,Manchester City,Tottenham
2024-05-14,Matchweek 34,Away,W,2,0,Tottenham,2.4,1.7,47,4-2-3-1,4-3-1-2,37,2,7,4,57.1,0.14,0.25,14.5,0,1,1,2.4,1.6,0.23,-0.4,-0.6,89,2,0,1,1,1,1,0,0,23,0,0,1,1.7,0.9,0.0,0,0,12,14,85.7,3,6,0,0,0,0.93,51,Left Foot,Kevin De Bruyne,Guglielmo Vicario,None,50.0,Goal,0.978000030517578,0.5220000076293946,0.9445824027061462,Erling Haaland,OpenPlay,2023.0,LeftFoot,Kevin De Bruyne,Pass,19:00:00,Manchester City,Tottenham
2024-05-14,Matchweek 34,Away,W,2,0,Tottenham,2.4,1.7,47,4-2-3-1,4-3-1-2,37,2,7,4,57.1,0.14,0.25,14.5,0,1,1,2.4,1.6,0.23,-0.4,-0.6,89,2,0,1,1,1,1,0,0,23,0,0,1,1.7,0.9,0.0,0,0,12,14,85.7,3,6,0,0,0,0.93,51,Left Foot,Kevin De Bruyne,Guglielmo Vicario,None,90.0,Goal,0.885,0.5,0.7611688375473022,Erling Haaland,Penalty,2023.0,LeftFoot,,Standard,19:00:00,Manchester City,Tottenham
2024-05-19,Matchweek 38,Home,W,3,1,West Ham,1.9,0.4,71,4-1-4-1,3-4-3,38,3,28,12,42.9,0.11,0.25,17.9,2,0,0,1.9,1.9,0.07,1.1,1.1,90,0,0,0,0,4,0,0,0,25,0,0,0,0.7,0.7,0.0,3,1,13,17,76.5,1,11,0,1,0,0.0,0,None,None,None,None,45.0,MissedShots,0.931999969482422,0.5070000076293946,0.1413769572973251,Erling Haaland,OpenPlay,2023.0,LeftFoot,,,15:00:00,Manchester City,West Ham
2024-05-19,Matchweek 38,Home,W,3,1,West Ham,1.9,0.4,71,4-1-4-1,3-4-3,38,3,28,12,42.9,0.11,0.25,17.9,2,0,0,1.9,1.9,0.07,1.1,1.1,90,0,0,0,0,4,0,0,0,25,0,0,0,0.7,0.7,0.0,3,1,13,17,76.5,1,11,0,1,0,0.0,0,None,None,None,None,65.0,BlockedShot,0.9009999847412108,0.5379999923706055,0.1430761963129043,Erling Haaland,OpenPlay,2023.0,LeftFoot,Phil Foden,Pass,15:00:00,Manchester City,West Ham
2024-05-19,Matchweek 38,Home,W,3,1,West Ham,1.9,0.4,71,4-1-4-1,3-4-3,38,3,28,12,42.9,0.11,0.25,17.9,2,0,0,1.9,1.9,0.07,1.1,1.1,90,0,0,0,0,4,0,0,0,25,0,0,0,0.7,0.7,0.0,3,1,13,17,76.5,1,11,0,1,0,0.0,0,None,None,None,None,68.0,BlockedShot,0.875,0.474000015258789,0.0705470144748687,Erling Haaland,FromCorner,2023.0,LeftFoot,Manuel Akanji,Pass,15:00:00,Manchester City,West Ham
2024-05-19,Matchweek 38,Home,W,3,1,West Ham,1.9,0.4,71,4-1-4-1,3-4-3,38,3,28,12,42.9,0.11,0.25,17.9,2,0,0,1.9,1.9,0.07,1.1,1.1,90,0,0,0,0,4,0,0,0,25,0,0,0,0.7,0.7,0.0,3,1,13,17,76.5,1,11,0,1,0,0.0,0,None,None,None,None,83.0,MissedShots,0.965999984741211,0.5479999923706055,0.5927795171737671,Erling Haaland,SetPiece,2023.0,OtherBodyPart,Kevin De Bruyne,Cross,15:00:00,Manchester City,West Ham
