Player,Nation,Pos,Squad,Age,Born,MP,Starts,Min,90s,Gls,Ast,G+A,G-PK,PK,PKatt,CrdY,CrdR,xG,npxG,xAG,npxG+xAG,PrgC,PrgP,PrgR,Cmp,Att,Cmp%,TotDist
Max Aarons,eng ENG,DF,Bournemouth,23,2000,20,13,"1,237",13.7,0,1,1,0,0,0,1,0,0,0,0.8,0.9,22,43,26,450,581,77.5,7402
Joshua Acheampong,eng ENG,DF,Chelsea,17,2006,1,0,6,0.1,0,0,0,0,0,0,0,0,0,0,0,0,0,0,0,1,2,50,18
Tyler Adams,us USA,MF,Bournemouth,24,1999,3,1,121,1.3,0,0,0,0,0,0,0,0,0,0,0.1,0.1,4,5,1,59,71,83.1,973
Tosin Adarabioyo,eng ENG,DF,Fulham,25,1997,20,18,"1,617",18,2,0,2,2,0,0,2,0,0.7,0.7,0.1,0.8,10,62,5,1028,1216,84.5,21010
Elijah Adebayo,eng ENG,FW,Luton Town,25,1998,27,16,"1,419",15.8,10,0,10,10,0,0,1,0,5.9,5.9,0.7,6.6,16,23,110,144,204,70.6,1847
Simon Adingra,ci CIV,FW,Brighton,21,2002,31,25,"2,222",24.7,6,1,7,6,0,0,3,0,4.3,4.3,3.7,8,111,50,278,634,840,75.5,8828
Nayef Aguerd,ma MAR,DF,West Ham,27,1996,21,21,"1,857",20.6,1,0,1,1,0,0,3,1,1.5,1.5,0.3,1.8,10,68,3,943,1177,80.1,19870
Brandon Aguilera,cr CRC,FW,Nott'ham Forest,20,2003,1,0,5,0.1,0,0,0,0,0,0,0,0,0,0,0,0,0,0,1,4,8,50,48
Naouirou Ahamada,fr FRA,"MF,FW",Crystal Palace,21,2002,20,0,349,3.9,0,0,0,0,0,0,4,1,0.5,0.5,0,0.5,19,25,20,150,187,80.2,2455
Anel Ahmedhodžić,ba BIH,DF,Sheffield Utd,24,1999,31,29,"2,649",29.4,2,0,2,2,0,0,11,1,3.1,3.1,0.8,4,15,43,21,749,993,75.4,12780
Ola Aina,ng NGA,DF,Nott'ham Forest,26,1996,22,20,"1,692",18.8,1,1,2,1,0,0,3,0,0.3,0.3,0.9,1.2,52,69,37,605,803,75.3,9657
Rayan Aït-Nouri,dz ALG,"DF,MF",Wolves,22,2001,33,29,"2,329",25.9,2,1,3,2,0,0,7,0,3.3,3.3,2.4,5.6,67,99,99,1005,1190,84.5,13946
Kristoffer Ajer,no NOR,DF,Brentford,25,1998,28,21,"1,832",20.4,2,1,3,2,0,0,5,0,1.3,1.3,2.3,3.6,22,61,31,610,810,75.3,10210
Manuel Akanji,ch SUI,"DF,MF",Manchester City,28,1995,30,28,"2,511",27.9,2,0,2,2,0,0,4,1,1.9,1.9,0.5,2.4,46,148,36,2180,2334,93.4,35688
Nathan Aké,nl NED,DF,Manchester City,28,1995,29,24,"2,042",22.7,2,2,4,2,0,0,0,0,2.5,2.5,1.2,3.7,24,116,18,1716,1864,92.1,26189
Thiago Alcántara,es ESP,MF,Liverpool,32,1991,1,0,6,0.1,0,0,0,0,0,0,0,0,0,0,0,0,0,0,0,7,10,70,130
Trent Alexander-Arnold,eng ENG,DF,Liverpool,24,1998,28,25,"2,155",23.9,3,4,7,3,0,0,6,0,2.6,2.3,7.2,9.5,45,205,97,1553,2062,75.3,30386
Alisson,br BRA,GK,Liverpool,30,1992,28,28,"2,520",28,0,0,0,0,0,0,1,0,0,0,0,0,0,5,0,985,1142,86.3,21428
Miguel Almirón,py PAR,FW,Newcastle Utd,29,1994,33,23,"1,937",21.5,3,1,4,3,0,0,2,0,4.5,4.5,2.6,7.2,78,78,162,668,801,83.4,9023
Edson Álvarez,mx MEX,MF,West Ham,25,1997,31,28,"2,377",26.4,1,1,2,1,0,0,11,0,1.3,1.3,0.6,1.9,20,91,26,1033,1207,85.6,17083
Julián Álvarez,ar ARG,"MF,FW",Manchester City,23,2000,36,31,"2,647",29.4,11,8,19,9,2,2,2,0,13,11.5,6.4,17.9,64,103,180,1011,1258,80.4,13977
Zeki Amdouni,ch SUI,FW,Burnley,22,2000,34,27,"1,953",21.7,5,1,6,4,1,1,2,0,5.8,5,1.4,6.5,63,49,93,396,500,79.2,6229
Sofyan Amrabat,ma MAR,"MF,DF",Manchester Utd,26,1996,21,10,938,10.4,0,0,0,0,0,0,6,0,0.1,0.1,0.3,0.4,6,66,10,578,664,87,10308
Joachim Andersen,dk DEN,DF,Crystal Palace,27,1996,38,38,"3,415",37.9,2,3,5,2,0,0,7,0,1.7,1.7,2.8,4.5,21,147,10,1731,2209,78.4,37874
Elliot Anderson,eng ENG,"MF,FW",Newcastle Utd,20,2002,21,10,"1,027",11.4,0,2,2,0,0,0,3,0,1.5,1.5,1.9,3.5,37,57,70,370,460,80.4,5041
Jaidon Anthony,eng ENG,FW,Bournemouth,23,1999,3,2,152,1.7,0,0,0,0,0,0,1,0,0.1,0.1,0,0.1,2,8,9,30,45,66.7,453
Michail Antonio,jm JAM,FW,West Ham,33,1990,26,21,"1,695",18.8,6,2,8,6,0,0,6,0,5.8,5.8,0.9,6.7,48,22,104,180,308,58.4,2635
Antony,br BRA,FW,Manchester Utd,23,2000,29,15,"1,324",14.7,1,1,2,1,0,0,5,0,3.4,3.4,2.8,6.1,53,64,149,468,595,78.7,6175
Oliver Arblaster,eng ENG,MF,Sheffield Utd,19,2004,12,11,943,10.5,0,0,0,0,0,0,2,0,0,0,0.8,0.8,14,43,4,351,441,79.6,5920
Cameron Archer,eng ENG,"FW,MF",Sheffield Utd,22,2001,29,21,"1,832",20.4,4,1,5,4,0,0,1,0,5.5,5.5,2.8,8.3,33,15,114,266,332,80.1,3245
Cameron Archer,eng ENG,MF,Aston Villa,22,2001,1,0,6,0.1,0,0,0,0,0,0,1,0,0,0,0,0,1,0,0,5,6,83.3,42
Alphonse Areola,fr FRA,GK,West Ham,30,1993,31,31,"2,699",30,0,0,0,0,0,0,1,0,0,0,0,0,0,1,0,562,867,64.8,17799
Lorenz Assignon,tg TOG,DF,Burnley,23,2000,15,15,"1,234",13.7,1,2,3,1,0,0,5,1,0.4,0.4,2.6,3,38,34,57,352,485,72.6,5411
Serge Aurier,ci CIV,"DF,MF",Nott'ham Forest,30,1992,12,10,833,9.3,0,2,2,0,0,0,2,0,0.2,0.2,0.5,0.6,10,47,29,348,448,77.7,5238
Taiwo Awoniyi,ng NGA,FW,Nott'ham Forest,25,1997,20,12,"1,042",11.6,6,3,9,6,0,0,2,0,4.7,4.7,1.7,6.4,8,14,45,127,175,72.6,1594
Jordan Ayew,gh GHA,"FW,MF",Crystal Palace,31,1991,35,30,"2,543",28.3,4,7,11,4,0,0,9,1,3.9,3.9,4.2,8.1,74,63,173,681,920,74,9753
Benoît Badiashile,fr FRA,DF,Chelsea,22,2001,18,15,"1,338",14.9,0,1,1,0,0,0,3,0,0.3,0.3,1.5,1.8,3,46,3,1065,1173,90.8,18737
Leon Bailey,jm JAM,"MF,FW",Aston Villa,25,1997,35,22,"2,068",23,10,9,19,10,0,0,5,0,6.3,6.3,9.2,15.5,102,82,226,573,790,72.5,8993
Stefan Bajcetic,es ESP,MF,Liverpool,18,2004,1,0,26,0.3,0,0,0,0,0,0,0,0,0,0,0,0,0,1,0,7,10,70,101
George Baldock,gr GRE,DF,Sheffield Utd,30,1993,13,11,969,10.8,0,1,1,0,0,0,4,0,0,0,0.8,0.8,9,31,24,291,397,73.3,4602
Carlos Baleba,cm CMR,MF,Brighton,19,2004,27,15,"1,325",14.7,0,0,0,0,0,0,7,0,0.8,0.8,0.3,1.1,19,50,9,713,775,92,10618
Fodé Ballo-Touré,sn SEN,"DF,MF",Fulham,26,1997,6,0,71,0.8,0,0,0,0,0,0,1,0,0,0,0,0,5,0,4,56,78,71.8,1002
Shandon Baptiste,gd GRN,MF,Brentford,25,1998,10,2,229,2.5,1,1,2,1,0,0,1,0,0.9,0.9,0.2,1.1,3,5,1,66,90,73.3,1144
Valentín Barco,ar ARG,"DF,FW",Brighton,19,2004,6,3,307,3.4,0,0,0,0,0,0,1,0,0.2,0.2,0.2,0.4,8,14,20,179,233,76.8,2509
Ross Barkley,eng ENG,MF,Luton Town,29,1993,32,30,"2,618",29.1,5,4,9,5,0,0,6,0,4.1,4.1,3.7,7.9,48,163,39,1218,1474,82.6,21602
Harvey Barnes,eng ENG,"FW,MF",Newcastle Utd,25,1997,21,7,802,8.9,5,3,8,5,0,0,2,0,3.6,3.6,3.2,6.8,45,34,79,208,272,76.5,2981
Chris Basham,eng ENG,"DF,MF",Sheffield Utd,35,1988,8,3,321,3.6,0,0,0,0,0,0,1,0,0.1,0.1,0.3,0.4,1,7,6,103,138,74.6,1506
Calvin Bassey,ng NGA,DF,Fulham,23,1999,29,25,"2,303",25.6,1,0,1,1,0,0,6,1,0.3,0.3,0,0.4,15,62,4,1440,1674,86,27276
Owen Beck,wls WAL,DF,Liverpool,20,2002,1,0,8,0.1,0,0,0,0,0,0,0,0,0,0,0,0,0,0,1,3,4,75,31
Donny van de Beek,nl NED,DF,Manchester Utd,26,1997,1,0,3,0,0,0,0,0,0,0,0,0,0,0,0.1,0.2,0,0,1,1,1,100,7
Amari'i Bell,jm JAM,DF,Luton Town,29,1994,21,21,"1,720",19.1,0,0,0,0,0,0,0,0,0.3,0.3,0.5,0.7,32,76,10,645,835,77.2,10680
Jean-Ricner Bellegarde,fr FRA,"MF,FW",Wolves,25,1998,22,10,958,10.6,2,1,3,2,0,0,0,1,1.6,1.6,1,2.5,30,39,49,241,314,76.8,3452
Anis Ben Slimane,tn TUN,MF,Sheffield Utd,22,2001,15,4,419,4.7,0,0,0,0,0,0,2,0,0.8,0.8,0.3,1.1,3,12,21,92,139,66.2,1322
Saïd Benrahma,dz ALG,"FW,MF",West Ham,27,1995,13,5,620,6.9,0,1,1,0,0,1,1,0,1.8,1,1.4,2.5,28,28,70,193,257,75.1,2587
Rodrigo Bentancur,uy URU,MF,Tottenham,26,1997,23,13,"1,005",11.2,1,1,2,1,0,0,7,0,1.9,1.9,0.5,2.4,16,72,31,674,800,84.3,10011
Daniel Bentley,eng ENG,GK,Wolves,30,1993,5,3,383,4.3,0,0,0,0,0,0,0,0,0,0,0,0,0,0,0,96,144,66.7,2347
Jóhann Berg Guðmundsson,is ISL,"MF,FW",Burnley,32,1990,26,12,"1,192",13.2,1,3,4,1,0,0,2,0,1.9,1.9,2.7,4.5,13,59,69,396,544,72.8,7505
Sander Berge,no NOR,MF,Burnley,25,1998,37,34,"3,005",33.4,1,2,3,1,0,0,10,1,1.9,1.9,2.4,4.3,64,164,29,1376,1562,88.1,24429
Luke Berry,eng ENG,"MF,DF",Luton Town,31,1992,17,2,323,3.6,2,1,3,2,0,0,1,0,1,1,0.3,1.3,1,8,7,64,99,64.6,984
Beto,gw GNB,FW,Everton,25,1998,30,9,951,10.6,3,0,3,3,0,1,2,0,6.8,6,0.9,6.9,14,14,58,108,180,60,1451
Jordan Beyer,de GER,DF,Burnley,23,2000,15,15,"1,234",13.7,0,1,1,0,0,0,6,0,0.5,0.5,0.3,0.8,9,25,1,766,861,89,14232
Philip Billing,dk DEN,MF,Bournemouth,27,1996,29,13,"1,398",15.5,2,2,4,2,0,0,3,1,2.5,2.5,3.2,5.7,22,53,63,404,537,75.2,6037
Yves Bissouma,ml MLI,MF,Tottenham,26,1996,28,26,"2,068",23,0,0,0,0,0,0,10,2,1.4,1.4,0.4,1.8,43,169,13,1689,1842,91.7,25078
Benicio Boaitey,eng ENG,"FW,DF",Brighton,19,2004,5,0,40,0.4,0,0,0,0,0,0,1,0,0,0,0.1,0.1,1,2,2,13,20,65,188
Oscar Bobb,no NOR,"FW,MF",Manchester City,20,2003,14,2,302,3.4,1,1,2,1,0,0,0,0,1.4,1.4,1.2,2.6,13,25,38,155,177,87.6,2056
Jayden Bogle,eng ENG,DF,Sheffield Utd,23,2000,34,32,"2,788",31,3,0,3,3,0,0,9,0,2.3,2.3,1,3.3,38,60,92,684,969,70.6,10589
Willy Boly,ci CIV,DF,Nott'ham Forest,32,1991,20,18,"1,438",16,2,1,3,2,0,0,3,1,1.5,1.5,1.3,2.8,4,32,3,502,671,74.8,9338
Sven Botman,nl NED,DF,Newcastle Utd,23,2000,17,15,"1,377",15.3,2,2,4,2,0,0,2,0,0.6,0.6,1,1.6,0,35,5,921,1017,90.6,17027
Jarrod Bowen,eng ENG,FW,West Ham,26,1996,34,34,"3,019",33.5,16,6,22,16,0,0,2,0,11.6,11.6,5.5,17.2,90,52,186,484,702,68.9,6899
Conor Bradley,nir NIR,DF,Liverpool,20,2003,11,10,753,8.4,1,3,4,1,0,0,2,0,0.9,0.9,1.5,2.3,35,29,64,419,530,79.1,6224
Jarrad Branthwaite,eng ENG,DF,Everton,21,2002,35,35,"3,116",34.6,3,0,3,3,0,0,8,0,1.7,1.7,1,2.8,2,74,6,1105,1385,79.8,20561
Ben Brereton,cl CHI,"FW,MF",Sheffield Utd,24,1999,14,14,"1,105",12.3,6,1,7,5,1,1,3,0,6.1,5.3,1.5,6.7,23,37,78,201,266,75.6,2817
Rhian Brewster,eng ENG,"FW,MF",Sheffield Utd,23,2000,13,3,346,3.8,0,0,0,0,0,0,0,1,0.4,0.4,0.1,0.5,1,3,21,52,76,68.4,702
Armando Broja,al ALB,FW,Chelsea,21,2001,13,6,454,5,1,0,1,1,0,0,0,0,2.4,2.4,0.2,2.5,11,6,37,83,94,88.3,932
Armando Broja,al ALB,FW,Fulham,21,2001,8,0,88,1,0,1,1,0,0,0,0,0,0,0,0.4,0.4,2,2,7,19,27,70.4,200
Andre Brooks,eng ENG,"MF,DF",Sheffield Utd,19,2003,20,12,938,10.4,0,0,0,0,0,0,1,0,0.4,0.4,0.1,0.5,12,18,22,196,260,75.4,2943
David Brooks,wls WAL,"FW,MF",Bournemouth,26,1997,13,2,282,3.1,1,1,2,1,0,0,1,0,2.2,2.2,1,3.2,8,21,27,95,132,72,1545
Jacob Brown,sct SCO,"MF,FW",Luton Town,25,1998,19,12,"1,019",11.3,2,0,2,2,0,0,4,0,2.8,2.8,0.7,3.4,25,19,53,136,247,55.1,1865
Josh Brownhill,eng ENG,MF,Burnley,27,1995,33,23,"2,252",25,4,2,6,4,0,0,4,1,1.9,1.9,2.1,4,19,90,36,850,1106,76.9,13206
Jacob Bruun Larsen,dk DEN,"MF,FW",Burnley,24,1998,32,16,"1,249",13.9,6,0,6,5,1,1,1,0,5,4.2,1.5,5.7,61,38,146,378,526,71.9,6208
Hugo Bueno,es ESP,"DF,MF",Wolves,20,2002,22,7,741,8.2,0,0,0,0,0,0,1,0,0.3,0.3,0.8,1,22,8,40,318,406,78.3,4380
Santiago Bueno,uy URU,DF,Wolves,24,1998,12,9,822,9.1,0,0,0,0,0,0,1,0,0,0,0.1,0.1,3,11,2,426,480,88.8,7158
Facundo Buonanotte,ar ARG,"FW,MF",Brighton,18,2004,27,17,"1,364",15.2,3,1,4,3,0,0,7,0,2.4,2.4,1.8,4.2,23,42,69,404,478,84.5,5038
Reece Burke,eng ENG,DF,Luton Town,26,1996,22,20,"1,660",18.4,0,4,4,0,0,0,5,0,1.3,1.3,1.4,2.7,11,67,14,547,719,76.1,10396
Dan Burn,eng ENG,DF,Newcastle Utd,31,1992,33,32,"2,726",30.3,2,2,4,2,0,0,4,0,3.1,3.1,1.1,4.2,14,75,25,1351,1667,81,22402
Mason Burstow,eng ENG,FW,Chelsea,19,2003,2,0,9,0.1,0,0,0,0,0,0,0,0,0,0,0,0,0,0,1,3,4,75,29
Moisés Caicedo,ec ECU,MF,Chelsea,21,2001,35,33,"2,866",31.8,1,3,4,1,0,0,11,0,0.4,0.4,2.6,3,27,173,27,1907,2119,90,29696
Tom Cairney,sct SCO,MF,Fulham,32,1991,34,14,"1,488",16.5,1,4,5,1,0,0,3,0,1.1,1.1,2.3,3.4,35,145,72,1126,1272,88.5,17463
Dominic Calvert-Lewin,eng ENG,FW,Everton,26,1997,32,26,"2,171",24.1,7,2,9,5,2,2,2,0,12.9,11.4,3.1,14.5,36,31,122,248,440,56.4,2917
Thomas Cannon,ie IRL,FW,Everton,20,2002,1,0,1,0,0,0,0,0,0,0,0,0,0,0,0,0,0,0,0,0,0,,0
Diego Carlos,br BRA,DF,Aston Villa,30,1993,27,20,"1,816",20.2,0,0,0,0,0,0,4,0,1.9,1.9,0.1,2,4,59,1,1184,1340,88.4,23313
Cesare Casadei,it ITA,"FW,MF",Chelsea,20,2003,11,0,79,0.9,0,0,0,0,0,0,0,0,0,0,0.1,0.1,1,3,3,53,65,81.5,792
Casemiro,br BRA,"MF,DF",Manchester Utd,31,1992,25,24,"1,982",22,1,2,3,1,0,0,7,0,3.5,3.5,1,4.5,12,112,36,1165,1425,81.8,20136
Kaelan Casey,eng ENG,DF,West Ham,18,2004,1,0,1,0,0,0,0,0,0,0,0,0,0,0,0,0,0,0,0,0,0,,0
Matty Cash,pl POL,DF,Aston Villa,25,1997,29,23,"2,142",23.8,2,2,4,2,0,0,8,0,4.2,4.2,2.3,6.5,62,88,101,985,1225,80.4,16094
Timothy Castagne,be BEL,DF,Fulham,27,1995,34,29,"2,634",29.3,1,3,4,1,0,0,3,0,1.6,1.6,1.9,3.5,48,77,113,1350,1662,81.2,21238
Jonny Castro,es ESP,MF,Wolves,29,1994,1,0,5,0.1,0,0,0,0,0,0,0,0,0,0,0,0,0,0,0,0,0,,0
Trevoh Chalobah,eng ENG,DF,Chelsea,24,1999,13,10,952,10.6,1,0,1,1,0,0,1,0,0.2,0.2,0.1,0.3,5,31,9,700,783,89.4,12088
Calum Chambers,eng ENG,"MF,DF",Aston Villa,28,1995,5,1,152,1.7,0,1,1,0,0,0,1,0,0,0,0.1,0.1,0,5,1,100,113,88.5,1705
Youssef Chermiti,pt POR,FW,Everton,19,2004,18,1,208,2.3,0,0,0,0,0,0,3,0,0.7,0.7,0.8,1.5,5,5,15,35,58,60.3,486
Ben Chilwell,eng ENG,DF,Chelsea,26,1996,13,9,756,8.4,0,1,1,0,0,0,5,0,1.2,1.2,2.2,3.4,22,25,59,373,495,75.4,5230
Tawanda Chirewa,zw ZIM,"MF,FW",Wolves,19,2003,8,1,145,1.6,0,0,0,0,0,0,1,0,0.2,0.2,0,0.2,1,7,8,46,58,79.3,664
Leon Chiwome,eng ENG,FW,Wolves,17,2006,3,2,174,1.9,0,0,0,0,0,0,0,0,0.1,0.1,0,0.1,1,2,7,19,22,86.4,244
Tahith Chong,nl NED,"MF,FW",Luton Town,23,1999,33,20,"1,982",22,4,0,4,4,0,0,4,0,2.7,2.7,0.5,3.2,57,72,101,428,550,77.8,6679
Ryan Christie,sct SCO,MF,Bournemouth,28,1995,37,35,"2,907",32.3,0,5,5,0,0,0,6,0,2.3,2.3,5.4,7.7,60,167,78,988,1300,76,18802
Carney Chukwuemeka,eng ENG,"MF,FW",Chelsea,19,2003,9,2,227,2.5,1,1,2,1,0,0,2,0,0.2,0.2,0.3,0.5,4,12,19,115,134,85.8,1476
Bobby Clark,eng ENG,MF,Liverpool,18,2005,5,1,89,1,0,0,0,0,0,0,0,0,0.1,0.1,0,0.1,3,3,7,38,49,77.6,465
Jordan Clark,eng ENG,MF,Luton Town,29,1993,23,14,"1,304",14.5,1,1,2,1,0,0,4,0,1,1,1.3,2.2,21,51,39,369,513,71.9,6108
Nathaniel Clyne,eng ENG,DF,Crystal Palace,32,1991,19,14,"1,338",14.9,0,0,0,0,0,0,0,0,0.2,0.2,0.2,0.4,10,33,18,495,600,82.5,7555
Séamus Coleman,ie IRL,DF,Everton,34,1988,12,7,665,7.4,0,0,0,0,0,0,0,0,0,0,1,1,5,22,16,207,306,67.6,3381
Nathan Collins,ie IRL,DF,Brentford,22,2001,32,29,"2,652",29.5,1,1,2,1,0,0,3,0,1.7,1.7,2.2,3.9,11,97,18,1261,1552,81.3,23470
Levi Colwill,eng ENG,DF,Chelsea,20,2003,23,20,"1,797",20,1,1,2,1,0,0,2,0,1.3,1.3,1.2,2.5,23,73,27,965,1163,83,16310
Lewis Cook,eng ENG,MF,Bournemouth,26,1997,33,32,"2,786",31,0,3,3,0,0,0,5,1,0.4,0.4,4.3,4.6,22,142,15,1135,1487,76.3,20294
Jack Cork,eng ENG,MF,Burnley,34,1989,4,0,27,0.3,0,0,0,0,0,0,0,0,0,0,0,0,4,4,1,25,33,75.8,370
Maxwel Cornet,ci CIV,"MF,FW",West Ham,26,1996,7,1,112,1.2,1,0,1,1,0,0,0,0,0.4,0.4,0.2,0.6,3,2,8,36,49,73.5,407
Vladimír Coufal,cz CZE,DF,West Ham,30,1992,36,36,"3,132",34.8,0,7,7,0,0,0,7,1,0.3,0.3,4,4.3,68,119,126,1154,1665,69.3,18778
Philippe Coutinho,br BRA,"MF,FW",Aston Villa,31,1992,2,0,25,0.3,0,0,0,0,0,0,0,0,0.1,0.1,0,0.1,5,5,2,20,24,83.3,265
Aaron Cresswell,eng ENG,"DF,FW",West Ham,33,1989,11,4,436,4.8,0,0,0,0,0,0,1,0,0,0,0.4,0.4,4,26,6,254,308,82.5,4176
Marc Cucurella,es ESP,DF,Chelsea,25,1998,21,20,"1,782",19.8,0,2,2,0,0,0,10,0,1.1,1.1,1.1,2.2,31,50,73,1036,1196,86.6,15110
Josh Cullen,ie IRL,MF,Burnley,27,1996,25,23,"2,057",22.9,2,3,5,2,0,0,9,0,0.6,0.6,1.8,2.4,22,123,22,1173,1373,85.4,18812
Matheus Cunha,br BRA,"FW,MF",Wolves,24,1999,32,29,"2,440",27.1,12,7,19,11,1,1,9,0,9.5,8.7,3.2,11.9,107,87,139,658,831,79.2,8887
Sam Curtis,ie IRL,DF,Sheffield Utd,17,2005,1,0,28,0.3,0,0,0,0,0,0,0,0,0,0,0,0,0,1,1,6,10,60,98
Mahmoud Dahoud,de GER,MF,Brighton,27,1996,9,6,452,5,0,1,1,0,0,0,1,1,0.2,0.2,0.9,1.1,4,11,6,284,328,86.6,4011
Ameen Al-Dakhil,be BEL,DF,Burnley,21,2002,13,12,"1,056",11.7,1,0,1,1,0,0,1,0,1.3,1.3,0.1,1.4,7,35,9,537,637,84.3,9642
Diogo Dalot,pt POR,DF,Manchester Utd,24,1999,36,35,"3,174",35.3,2,3,5,2,0,0,6,1,1.7,1.7,2.9,4.6,52,124,111,1486,1830,81.2,24927
Mikkel Damsgaard,dk DEN,MF,Brentford,23,2000,23,7,842,9.4,0,2,2,0,0,0,2,0,0.9,0.9,1.4,2.4,16,61,32,300,432,69.4,4940
Danilo,br BRA,MF,Nott'ham Forest,22,2001,29,20,"1,792",19.9,2,2,4,2,0,0,4,0,1.8,1.8,1.5,3.4,22,82,28,588,757,77.7,10476
Arnaut Danjuma,nl NED,"MF,FW",Everton,26,1997,14,5,595,6.6,1,0,1,1,0,0,0,0,2.6,2.6,1.1,3.7,24,9,44,102,152,67.1,1420
Jayden Danns,eng ENG,FW,Liverpool,17,2006,2,0,9,0.1,0,0,0,0,0,0,1,0,0,0,0,0,0,1,2,5,7,71.4,73
Josh Dasilva,eng ENG,"DF,FW",Brentford,24,1998,3,0,24,0.3,0,0,0,0,0,0,0,0,0,0,0.2,0.2,2,2,5,10,19,52.6,153
David Datro Fofana,ci CIV,FW,Burnley,20,2002,15,10,879,9.8,4,1,5,4,0,0,1,0,4.5,4.5,1.8,6.4,21,15,39,117,173,67.6,1574
Ben Davies,wls WAL,DF,Tottenham,30,1993,17,12,"1,090",12.1,1,0,1,1,0,0,2,0,2.3,2.3,0.4,2.7,13,71,20,766,850,90.1,13839
Tom Davies,eng ENG,MF,Sheffield Utd,25,1998,9,2,221,2.5,0,0,0,0,0,0,2,0,0.4,0.4,0.1,0.4,3,8,3,68,99,68.7,901
Craig Dawson,eng ENG,DF,Wolves,33,1990,25,25,"2,209",24.5,1,1,2,1,0,0,7,0,1.5,1.5,1.4,2.9,1,49,4,1104,1277,86.5,23417
Kevin De Bruyne,be BEL,MF,Manchester City,32,1991,18,15,"1,221",13.6,4,10,14,4,0,0,2,0,2.4,2.4,11.5,14,47,111,133,732,971,75.4,11555
Hannes Delcroix,be BEL,DF,Burnley,24,1999,12,5,589,6.5,0,0,0,0,0,0,2,0,0.4,0.4,0.2,0.6,2,18,6,300,350,85.7,4932
Leander Dendoncker,be BEL,MF,Aston Villa,28,1995,8,1,119,1.3,1,0,1,1,0,0,0,0,0.7,0.7,0,0.7,0,3,2,45,56,80.4,744
Moussa Diaby,fr FRA,"FW,MF",Aston Villa,24,1999,38,25,"2,174",24.2,6,8,14,6,0,0,1,0,7,7,6.6,13.6,94,72,183,485,619,78.4,6960
Amad Diallo,ci CIV,"FW,MF",Manchester Utd,21,2002,9,3,390,4.3,1,1,2,1,0,0,1,0,0.5,0.5,1.1,1.6,11,10,31,149,170,87.6,1931
Amadou Diallo,eng ENG,MF,Newcastle Utd,20,2003,1,0,1,0,0,0,0,0,0,0,0,0,0,0,0,0,0,0,0,1,1,100,10
Rúben Dias,pt POR,DF,Manchester City,26,1997,30,28,"2,559",28.4,0,0,0,0,0,0,0,0,1.4,1.4,0.3,1.7,34,173,16,2469,2635,93.7,42764
Luis Díaz,co COL,FW,Liverpool,26,1997,37,32,"2,629",29.2,8,5,13,8,0,0,3,0,11.9,11.9,5.7,17.5,137,113,302,898,1075,83.5,13772
Eric Dier,eng ENG,DF,Tottenham,29,1994,4,1,201,2.2,0,0,0,0,0,0,0,0,0,0,0,0,0,3,0,125,141,88.7,2070
Lucas Digne,fr FRA,DF,Aston Villa,30,1993,33,27,"2,410",26.8,1,3,4,1,0,0,7,0,1.1,1.1,4.1,5.2,42,77,200,1015,1351,75.1,16244
Issa Diop,fr FRA,DF,Fulham,26,1997,18,16,"1,424",15.8,0,0,0,0,0,0,4,1,0.3,0.3,0,0.3,11,66,1,950,1080,88,17646
Axel Disasi,fr FRA,DF,Chelsea,25,1998,31,29,"2,579",28.7,2,0,2,2,0,0,6,0,2.4,2.4,0.3,2.7,30,112,21,2031,2256,90,34081
Ben Doak,sct SCO,FW,Liverpool,17,2005,1,0,14,0.2,0,0,0,0,0,0,0,0,0,0,0,0,0,0,0,4,4,100,45
Lewis Dobbin,eng ENG,MF,Everton,20,2003,12,1,232,2.6,1,0,1,1,0,0,1,0,0.3,0.3,0.5,0.8,6,3,20,44,65,67.7,537
Matt Doherty,ie IRL,"DF,MF",Wolves,31,1992,30,9,"1,150",12.8,1,0,1,1,0,0,2,0,0.8,0.8,1.3,2.2,12,31,64,515,653,78.9,7798
Jeremy Doku,be BEL,"FW,MF",Manchester City,21,2002,29,18,"1,595",17.7,3,8,11,3,0,0,3,0,2.5,2.5,4.6,7.1,218,57,295,693,852,81.3,9699
Nicolás Domínguez,ar ARG,"MF,FW",Nott'ham Forest,25,1998,26,19,"1,495",16.6,2,2,4,2,0,0,4,0,1.3,1.3,1,2.3,14,91,43,714,843,84.7,10894
Jamie Donley,eng ENG,FW,Tottenham,18,2005,3,0,3,0,0,0,0,0,0,0,1,0,0,0,0,0,0,0,0,1,1,100,14
Abdoulaye Doucouré,ml MLI,"FW,MF",Everton,30,1993,32,32,"2,629",29.2,7,1,8,7,0,0,7,0,8.8,8.8,2.9,11.6,55,97,140,683,893,76.5,9807
Cheick Doucouré,ml MLI,MF,Crystal Palace,23,2000,11,11,919,10.2,0,0,0,0,0,0,2,0,0.3,0.3,0.7,1,9,49,5,367,422,87,5725
Alfie Doughty,eng ENG,DF,Luton Town,23,1999,37,34,"2,925",32.5,2,8,10,2,0,0,5,0,1.3,1.3,6.3,7.6,94,106,164,1121,1686,66.5,20956
Tommy Doyle,eng ENG,MF,Wolves,21,2001,26,11,"1,222",13.6,0,0,0,0,0,0,2,0,0.4,0.4,0.4,0.9,21,81,17,801,955,83.9,15164
Radu Drăgușin,ro ROU,DF,Tottenham,21,2002,9,4,429,4.8,0,0,0,0,0,0,1,0,0.1,0.1,0,0.1,5,8,1,326,370,88.1,5633
Martin Dúbravka,sk SVK,GK,Newcastle Utd,34,1989,23,22,"1,985",22.1,0,0,0,0,0,0,1,0,0,0,0.1,0.1,0,0,0,519,651,79.7,11869
Paul Dummett,wls WAL,DF,Newcastle Utd,31,1991,5,0,20,0.2,0,0,0,0,0,0,0,0,0,0,0,0,1,1,0,21,23,91.3,320
Lewis Dunk,eng ENG,DF,Brighton,31,1991,33,33,"2,869",31.9,3,1,4,3,0,0,7,1,3.1,3.1,0.9,4,33,152,13,2977,3233,92.1,50791
Jáder Durán,co COL,"FW,MF",Aston Villa,19,2003,23,3,475,5.3,5,0,5,5,0,0,5,0,2,2,0.3,2.3,9,9,25,83,121,68.6,1095
George Earthy,eng ENG,FW,West Ham,18,2004,3,0,34,0.4,1,0,1,1,0,0,0,0,0.3,0.3,0,0.3,0,1,3,16,17,94.1,183
Ederson,br BRA,GK,Manchester City,29,1993,33,33,"2,785",30.9,0,0,0,0,0,0,5,0,0,0,0.1,0.1,0,4,0,1077,1234,87.3,25898
Odsonne Édouard,fr FRA,"FW,MF",Crystal Palace,25,1998,30,17,"1,555",17.3,7,0,7,7,0,0,4,0,6.2,6.2,1.2,7.4,33,36,100,249,350,71.1,3106
John Egan,ie IRL,DF,Sheffield Utd,30,1992,6,6,482,5.4,0,0,0,0,0,0,2,0,0.2,0.2,0,0.2,0,5,1,128,185,69.2,2449
Hjalmar Ekdal,se SWE,DF,Burnley,24,1998,8,5,437,4.9,0,0,0,0,0,0,2,0,0.1,0.1,0.1,0.1,5,11,1,191,217,88,3404
Anthony Elanga,se SWE,"FW,MF",Nott'ham Forest,21,2002,36,25,"2,433",27,5,9,14,5,0,0,1,0,6.6,6.6,6.7,13.3,98,49,196,498,712,69.9,6655
Harvey Elliott,eng ENG,"MF,FW",Liverpool,20,2003,34,11,"1,352",15,3,6,9,3,0,0,2,0,2.7,2.7,3.5,6.2,44,128,122,825,986,83.7,13081
Mohamed Elneny,eg EGY,MF,Arsenal,31,1992,3,0,28,0.3,0,0,0,0,0,0,0,0,0.1,0.1,0,0.1,1,1,0,39,40,97.5,624
Emerson,br BRA,DF,Tottenham,24,1999,22,11,"1,161",12.9,1,0,1,1,0,0,4,0,0.2,0.2,0.4,0.6,21,57,35,937,1038,90.3,13652
Julio Enciso,py PAR,"MF,FW",Brighton,19,2004,12,5,475,5.3,0,2,2,0,0,0,2,0,1.4,1.4,1.7,3.2,28,21,29,132,178,74.2,1842
Wataru Endo,jp JPN,MF,Liverpool,30,1993,29,20,"1,722",19.1,1,0,1,1,0,0,10,0,0.5,0.5,1.7,2.3,10,101,21,1157,1315,88,17822
Christian Eriksen,dk DEN,MF,Manchester Utd,31,1992,22,12,"1,141",12.7,1,2,3,1,0,0,1,0,1,1,2.3,3.3,20,68,23,648,805,80.5,10504
Maxime Estève,fr FRA,DF,Burnley,21,2002,16,15,"1,309",14.5,0,0,0,0,0,0,6,0,0.3,0.3,0,0.3,15,40,3,690,821,84,11622
Pervis Estupiñán,ec ECU,DF,Brighton,25,1998,19,15,"1,243",13.8,2,3,5,2,0,0,4,0,1,1,3.5,4.4,47,83,88,809,962,84.1,11736
Jonny Evans,nir NIR,DF,Manchester Utd,35,1988,23,15,"1,392",15.5,0,1,1,0,0,0,2,0,0.1,0.1,1.2,1.2,7,37,1,729,832,87.6,11952
Eberechi Eze,eng ENG,"MF,FW",Crystal Palace,25,1998,27,24,"2,055",22.8,11,4,15,10,1,1,3,0,9.1,8.3,5.2,13.5,68,93,139,700,909,77,11150
Łukasz Fabiański,pl POL,GK,West Ham,38,1985,10,7,721,8,0,0,0,0,0,0,0,0,0,0,0,0,0,1,0,160,239,66.9,5259
Romain Faivre,fr FRA,"MF,FW",Bournemouth,25,1998,5,0,41,0.5,0,0,0,0,0,0,1,0,0.2,0.2,0,0.2,4,5,4,19,26,73.1,251
Ansu Fati,es ESP,"MF,FW",Brighton,20,2002,19,3,521,5.8,2,0,2,2,0,0,2,0,3.4,3.4,0.8,4.2,16,28,50,178,210,84.8,2332
Felipe,br BRA,DF,Nott'ham Forest,34,1989,7,4,375,4.2,0,0,0,0,0,0,4,0,0.1,0.1,0.1,0.2,1,6,0,183,215,85.1,3654
Evan Ferguson,ie IRL,FW,Brighton,18,2004,27,15,"1,367",15.2,6,0,6,6,0,0,1,0,4.6,4.6,0.5,5.1,13,15,62,244,303,80.5,3028
Bruno Fernandes,pt POR,"MF,FW",Manchester Utd,28,1994,35,35,"3,118",34.6,10,8,18,6,4,5,9,0,10,6.1,11.8,17.8,86,297,182,1590,2179,73,28404
Enzo Fernández,ar ARG,MF,Chelsea,22,2001,28,26,"2,209",24.5,3,2,5,2,1,2,7,0,6.2,4.6,3.4,8,52,210,54,1574,1862,84.5,28776
John Fleck,sct SCO,"MF,DF",Sheffield Utd,31,1991,4,1,92,1,0,0,0,0,0,0,1,0,0,0,0.4,0.4,2,3,0,29,40,72.5,408
Mark Flekken,nl NED,GK,Brentford,30,1993,37,37,"3,285",36.5,0,1,1,0,0,0,3,0,0,0,0.5,0.5,0,5,0,1131,1580,71.6,32732
Phil Foden,eng ENG,"FW,MF",Manchester City,23,2000,35,33,"2,857",31.7,19,8,27,19,0,0,2,0,10.3,10.3,8.4,18.7,93,168,269,1511,1767,85.5,20347
Wes Foderingham,eng ENG,GK,Sheffield Utd,32,1991,30,29,"2,649",29.4,0,0,0,0,0,0,2,0,0,0,0.1,0.1,0,0,0,596,1055,56.5,19584
Pablo Fornals,es ESP,"MF,FW",West Ham,27,1996,15,4,426,4.7,0,0,0,0,0,0,0,0,0.3,0.3,0.3,0.6,4,29,27,162,210,77.1,2602
Omari Forson,eng ENG,FW,Manchester Utd,19,2004,4,1,70,0.8,0,1,1,0,0,0,0,0,0,0,0.2,0.2,1,2,2,30,33,90.9,373
Lyle Foster,za RSA,"FW,MF",Burnley,22,2000,24,22,"1,899",21.1,5,3,8,5,0,0,0,1,4.5,4.5,1.9,6.4,55,37,104,312,461,67.7,4471
Matheus França,br BRA,"MF,FW",Crystal Palace,19,2004,10,1,232,2.6,0,1,1,0,0,0,1,0,0.4,0.4,0.9,1.2,12,8,12,51,79,64.6,910
Nathan Fraser,ie IRL,FW,Wolves,18,2005,7,1,186,2.1,0,0,0,0,0,0,1,0,0.3,0.3,0.1,0.4,1,2,21,33,42,78.6,380
Cody Gakpo,nl NED,"FW,MF",Liverpool,24,1999,35,17,"1,649",18.3,8,5,13,8,0,0,1,0,9,9,2.9,11.8,43,83,130,436,564,77.3,6130
Conor Gallagher,eng ENG,MF,Chelsea,23,2000,37,37,"3,128",34.8,5,7,12,5,0,0,9,1,4.2,4.2,5,9.2,62,172,122,1801,2018,89.2,26732
Idrissa Gana Gueye,sn SEN,MF,Everton,33,1989,25,24,"1,884",20.9,4,0,4,4,0,0,8,0,1.3,1.3,1.1,2.4,29,83,41,758,898,84.4,11688
Alejandro Garnacho,ar ARG,FW,Manchester Utd,19,2004,36,30,"2,565",28.5,7,4,11,7,0,0,4,0,8.4,8.3,5.1,13.4,178,62,281,675,901,74.9,9269
James Garner,eng ENG,MF,Everton,22,2001,37,34,"3,004",33.4,1,2,3,1,0,0,7,0,2.7,2.7,4.6,7.3,36,100,76,958,1244,77,16067
Saman Ghoddos,ir IRN,DF,Brentford,29,1993,19,7,739,8.2,1,0,1,1,0,0,5,0,0.3,0.3,1.1,1.4,22,36,31,325,448,72.5,5565
Morgan Gibbs-White,eng ENG,"MF,FW",Nott'ham Forest,23,2000,37,35,"3,156",35.1,5,10,15,4,1,1,9,0,6.9,6.1,8.4,14.5,79,171,181,1046,1482,70.6,18447
Bryan Gil,es ESP,"FW,MF",Tottenham,22,2001,11,2,209,2.3,0,0,0,0,0,0,0,0,0.8,0.8,0.2,1,11,16,49,127,157,80.9,1809
Alfie Gilchrist,eng ENG,DF,Chelsea,19,2003,11,2,207,2.3,1,0,1,1,0,0,1,0,0.3,0.3,0,0.3,1,7,4,121,141,85.8,1893
Ryan Giles,eng ENG,"DF,MF",Luton Town,23,2000,11,5,503,5.6,0,0,0,0,0,0,0,0,0.1,0.1,0.2,0.3,9,17,30,140,218,64.2,2294
Billy Gilmour,sct SCO,MF,Brighton,22,2001,30,24,"2,120",23.6,0,1,1,0,0,0,8,1,1,1,2,3,39,193,33,1915,2107,90.9,29399
Ben Godfrey,eng ENG,DF,Everton,25,1998,15,13,"1,120",12.4,0,0,0,0,0,0,2,0,1.7,1.7,0.3,2,11,43,26,336,484,69.4,5725
André Gomes,pt POR,"MF,FW",Everton,30,1993,12,3,508,5.6,1,0,1,1,0,0,4,0,0.3,0.3,0.4,0.7,8,36,29,223,291,76.6,3909
João Gomes,br BRA,MF,Wolves,22,2001,34,32,"2,649",29.4,2,1,3,2,0,0,11,0,1.7,1.7,1.1,2.8,28,101,44,1051,1279,82.2,15291
Toti Gomes,pt POR,DF,Wolves,24,1999,35,31,"2,772",30.8,1,3,4,1,0,0,7,0,1.6,1.6,1.2,2.8,22,79,11,1516,1847,82.1,23316
Joe Gomez,eng ENG,DF,Liverpool,26,1997,32,17,"1,786",19.8,0,1,1,0,0,0,5,0,0.8,0.8,1.3,2.1,44,100,105,1114,1345,82.8,18984
Sergio Gómez,es ESP,"FW,MF",Manchester City,22,2000,6,0,53,0.6,0,1,1,0,0,0,0,0,0.2,0.2,0.2,0.4,4,2,4,46,54,85.2,636
Enso Gonzalez,py PAR,"MF,DF",Wolves,18,2005,1,0,1,0,0,0,0,0,0,0,0,0,0,0,0,0,0,0,2,6,6,100,87
Anthony Gordon,eng ENG,FW,Newcastle Utd,22,2001,35,34,"2,890",32.1,11,10,21,10,1,1,12,1,10.2,9.4,8,17.4,138,101,232,803,1055,76.1,12020
Kaide Gordon,eng ENG,FW,Liverpool,18,2004,1,0,1,0,0,0,0,0,0,0,0,0,0,0,0,0,0,1,0,1,1,100,16
Daniel Gore,eng ENG,MF,Manchester Utd,18,2004,1,0,1,0,0,0,0,0,0,0,0,0,0,0,0,0,0,0,0,0,0,,0
Ryan Gravenberch,nl NED,MF,Liverpool,21,2002,26,12,"1,121",12.5,1,0,1,1,0,0,0,0,2,2,0.9,2.9,39,78,71,415,504,82.3,5520
Ivo Grbić,hr CRO,GK,Sheffield Utd,27,1996,9,9,771,8.6,0,0,0,0,0,0,1,0,0,0,0,0,0,0,0,148,298,49.7,5407
Jack Grealish,eng ENG,"FW,MF",Manchester City,27,1995,20,10,"1,009",11.2,3,1,4,3,0,0,6,0,2.1,2.1,2.5,4.6,87,50,146,499,580,86,7032
Pascal Groß,de GER,"MF,DF",Brighton,32,1991,36,34,"3,114",34.6,4,10,14,3,1,1,6,0,6.5,5.7,8.1,13.8,83,302,180,2774,3223,86.1,42905
Marc Guéhi,eng ENG,DF,Crystal Palace,23,2000,25,23,"2,021",22.5,0,1,1,0,0,0,2,0,0.6,0.6,0.6,1.2,15,67,7,1138,1309,86.9,22770
Bruno Guimarães,br BRA,MF,Newcastle Utd,25,1997,37,37,"3,263",36.3,7,8,15,7,0,0,9,0,4.8,4.8,6.4,11.2,65,283,73,1941,2313,83.9,33351
Malo Gusto,fr FRA,DF,Chelsea,20,2003,27,19,"1,751",19.5,0,6,6,0,0,0,7,1,0.9,0.9,4.3,5.2,78,86,135,1230,1423,86.4,17534
Joško Gvardiol,hr CRO,DF,Manchester City,21,2002,28,26,"2,328",25.9,4,1,5,4,0,0,3,0,3.1,3.1,1.4,4.5,63,136,115,1671,1919,87.1,25207
Erling Haaland,no NOR,FW,Manchester City,23,2000,31,29,"2,552",28.4,27,5,32,20,7,8,1,0,29.2,22.9,4.3,27.2,35,26,126,295,388,76,3234
Antwoine Hackford,eng ENG,FW,Sheffield Utd,19,2004,2,0,13,0.1,0,0,0,0,0,0,0,0,0,0,0,0,0,0,0,2,2,100,14
Lewis Hall,eng ENG,DF,Newcastle Utd,18,2004,18,8,781,8.7,1,0,1,1,0,0,2,0,0.3,0.3,0.3,0.6,19,46,27,452,552,81.9,7570
Gustavo Hamer,nl NED,MF,Sheffield Utd,26,1997,36,34,"2,910",32.3,4,6,10,4,0,0,9,0,3,3,6.1,9.1,36,135,86,756,1103,68.5,12613
Luke Harris,wls WAL,MF,Fulham,18,2005,1,0,75,0.8,0,0,0,0,0,0,0,0,0.3,0.3,0,0.3,0,1,0,11,14,78.6,172
Jack Harrison,eng ENG,"MF,FW",Everton,26,1996,29,25,"2,214",24.6,3,3,6,3,0,0,1,0,3.6,3.6,3.4,7,65,62,135,409,631,64.8,5825
Daiki Hashioka,jp JPN,DF,Luton Town,24,1999,10,6,595,6.6,0,0,0,0,0,0,0,0,0.1,0.1,0.7,0.8,3,21,16,227,282,80.5,3875
Kai Havertz,de GER,"MF,FW",Arsenal,24,1999,37,30,"2,634",29.3,13,7,20,12,1,1,11,0,12.3,11.6,4.4,15.9,55,99,191,764,955,80,9583
Jan Paul van Hecke,nl NED,DF,Brighton,23,2000,28,26,"2,369",26.3,0,0,0,0,0,0,4,0,1.2,1.2,0.9,2.1,25,147,7,2225,2415,92.1,38300
Hwang Hee-chan,kr KOR,"FW,MF",Wolves,27,1996,29,25,"2,119",23.5,12,3,15,11,1,1,6,0,7.7,6.9,3,9.9,37,37,120,424,551,77,5661
Dean Henderson,eng ENG,GK,Crystal Palace,26,1997,18,18,"1,620",18,0,0,0,0,0,0,2,0,0,0,0,0,0,0,0,280,485,57.7,7596
Rico Henry,eng ENG,DF,Brentford,26,1997,5,5,401,4.5,0,1,1,0,0,0,1,0,0.1,0.1,1,1.1,13,20,12,147,183,80.3,2291
Son Heung-min,kr KOR,FW,Tottenham,31,1992,35,34,"2,934",32.6,17,10,27,15,2,2,1,0,12,10.4,11.8,22.2,119,139,325,887,1075,82.5,12123
Aaron Hickey,sct SCO,DF,Brentford,21,2002,9,9,713,7.9,0,0,0,0,0,0,5,0,0.2,0.2,0.1,0.3,9,21,13,243,277,87.7,3813
James Hill,eng ENG,DF,Bournemouth,21,2002,5,1,76,0.8,0,0,0,0,0,0,0,0,0,0,0,0,0,5,1,28,42,66.7,542
Jack Hinshelwood,eng ENG,DF,Brighton,18,2005,12,8,869,9.7,3,0,3,3,0,0,1,0,1.9,1.9,0.7,2.5,16,19,38,418,498,83.9,5999
Mason Holgate,eng ENG,DF,Sheffield Utd,26,1996,10,9,710,7.9,0,0,0,0,0,0,3,1,0.6,0.6,0.4,1.1,0,13,0,138,211,65.4,2552
Callum Hudson-Odoi,eng ENG,"FW,MF",Nott'ham Forest,22,2000,29,20,"1,854",20.6,8,1,9,8,0,0,0,0,2.7,2.7,2.8,5.5,111,58,173,576,738,78,9055
Will Hughes,eng ENG,MF,Crystal Palace,28,1995,30,23,"1,891",21,0,1,1,0,0,0,6,0,0.3,0.3,1.1,1.5,14,76,17,731,878,83.3,10742
Pierre Højbjerg,dk DEN,MF,Tottenham,27,1995,36,8,"1,311",14.6,0,0,0,0,0,0,4,0,0.7,0.7,1.2,1.9,17,134,29,1234,1415,87.2,20132
Rasmus Højlund,dk DEN,FW,Manchester Utd,20,2003,30,25,"2,158",24,10,2,12,10,0,0,2,0,7.6,7.6,1.6,9.2,35,33,111,304,402,75.6,3552
Igor,br BRA,DF,Brighton,25,1998,24,17,"1,637",18.2,0,0,0,0,0,0,4,0,0.3,0.3,0.7,1,30,107,12,1398,1497,93.4,21855
Danny Ings,eng ENG,FW,West Ham,31,1992,20,3,404,4.5,1,0,1,1,0,0,1,0,1.3,1.3,0.3,1.5,7,8,29,76,107,71,854
Tim Iroegbunam,eng ENG,MF,Aston Villa,20,2003,9,1,164,1.8,0,0,0,0,0,0,0,0,0,0,0,0,3,1,0,51,55,92.7,704
Alexander Isak,se SWE,FW,Newcastle Utd,23,1999,30,27,"2,255",25.1,21,2,23,16,5,6,1,0,20.3,15.6,3.7,19.3,68,71,129,385,493,78.1,5446
Alex Iwobi,ng NGA,MF,Everton,27,1996,2,2,140,1.6,0,0,0,0,0,0,0,0,0.3,0.3,0.2,0.5,6,4,8,27,42,64.3,545
Alex Iwobi,ng NGA,"FW,MF",Fulham,27,1996,30,25,"2,192",24.4,5,2,7,5,0,0,2,0,5.3,5.3,4.7,10,109,147,175,821,1051,78.1,13556
Nicolas Jackson,sn SEN,FW,Chelsea,22,2001,35,31,"2,799",31.1,14,5,19,14,0,0,10,0,18.6,18.6,4.3,22.9,70,67,200,515,666,77.3,6528
Reece James,eng ENG,DF,Chelsea,23,1999,10,5,419,4.7,0,2,2,0,0,0,2,2,0.3,0.3,1.7,2.1,19,21,35,275,341,80.6,4433
Vitaly Janelt,de GER,"MF,DF",Brentford,25,1998,38,37,"3,054",33.9,1,3,4,1,0,0,8,0,1.8,1.8,4.8,6.5,25,123,81,1088,1398,77.8,17534
Daniel Jebbison,eng ENG,FW,Sheffield Utd,19,2003,1,0,21,0.2,0,0,0,0,0,0,0,0,0,0,0,0,0,0,1,1,3,33.3,9
Mathias Jensen,dk DEN,MF,Brentford,27,1996,32,27,"2,204",24.5,3,3,6,3,0,0,5,0,0.7,0.7,4,4.7,19,123,66,875,1202,72.8,17423
Gabriel Jesus,br BRA,FW,Arsenal,26,1997,27,17,"1,478",16.4,4,5,9,4,0,0,6,0,6.3,6.3,3.8,10.1,38,42,155,403,513,78.6,5315
Raúl Jiménez,mx MEX,FW,Fulham,32,1991,24,18,"1,395",15.5,7,0,7,7,0,0,3,1,5.2,5.2,1.5,6.6,11,24,87,262,382,68.6,3408
João Pedro,br BRA,"FW,MF",Brighton,21,2001,31,19,"2,045",22.7,9,3,12,5,4,5,2,0,11.9,7.9,3.8,11.7,83,92,205,659,818,80.6,8706
Joelinton,br BRA,"MF,FW",Newcastle Utd,26,1996,20,15,"1,279",14.2,2,1,3,2,0,0,6,0,3.1,3.1,2.8,5.9,29,56,60,524,627,83.6,7295
Ben Johnson,eng ENG,"DF,FW",West Ham,23,2000,14,4,544,6,0,0,0,0,0,0,1,0,0.2,0.2,0,0.2,17,22,33,246,334,73.7,3816
Brennan Johnson,wls WAL,FW,Tottenham,22,2001,32,23,"2,085",23.2,5,10,15,5,0,0,3,0,10.3,10.3,8.1,18.3,97,72,293,519,728,71.3,7315
Brennan Johnson,wls WAL,"FW,MF",Nott'ham Forest,22,2001,3,3,237,2.6,0,0,0,0,0,0,0,0,0.3,0.3,0.2,0.5,8,1,14,47,61,77,671
Joseph Johnson,eng ENG,DF,Luton Town,17,2006,2,0,77,0.9,0,0,0,0,0,0,1,0,0,0,0,0,0,2,1,30,36,83.3,646
Sam Johnstone,eng ENG,GK,Crystal Palace,30,1993,20,20,"1,796",20,0,0,0,0,0,0,1,0,0,0,0,0,0,0,0,343,599,57.3,11568
Curtis Jones,eng ENG,MF,Liverpool,22,2001,23,14,"1,167",13,1,1,2,1,0,0,3,1,2.6,2.6,0.7,3.3,31,74,88,707,776,91.1,10366
Jorginho,it ITA,MF,Arsenal,31,1991,24,10,921,10.2,0,2,2,0,0,0,1,0,0.1,0.1,1.4,1.5,8,101,8,699,785,89,11386
Diogo Jota,pt POR,FW,Liverpool,26,1996,21,14,"1,145",12.7,10,3,13,10,0,0,3,1,5.3,5.3,3.3,8.6,54,34,111,287,394,72.8,3995
Mads Juel Andersen,dk DEN,DF,Luton Town,25,1997,8,4,400,4.4,1,0,1,1,0,0,1,0,0.3,0.3,0,0.3,0,7,1,87,117,74.4,1570
Hamed Junior Traorè,ci CIV,MF,Bournemouth,23,2000,3,0,47,0.5,0,0,0,0,0,0,0,0,0.2,0.2,0,0.2,2,3,4,18,27,66.7,244
Mathias Jørgensen,dk DEN,DF,Brentford,33,1990,14,12,"1,087",12.1,1,0,1,1,0,0,4,0,0.7,0.7,0.9,1.7,5,50,4,446,593,75.2,7338
Issa Kaboré,bf BFA,DF,Luton Town,22,2001,24,21,"1,729",19.2,0,2,2,0,0,0,7,0,0.2,0.2,2.1,2.3,60,54,85,533,759,70.2,8402
Sasa Kalajdzic,at AUT,FW,Wolves,26,1997,11,1,166,1.8,2,0,2,2,0,0,0,0,1.1,1.1,1,2,1,5,9,38,60,63.3,507
Boubacar Kamara,fr FRA,MF,Aston Villa,23,1999,20,20,"1,652",18.4,0,1,1,0,0,0,7,1,0.1,0.1,1.3,1.4,19,83,10,922,1035,89.1,14037
Willy Kambwala,fr FRA,DF,Manchester Utd,18,2004,8,3,330,3.7,0,0,0,0,0,0,1,0,0,0,0,0,2,8,1,163,192,84.9,2765
Thomas Kaminski,be BEL,GK,Luton Town,30,1992,38,38,"3,405",37.8,0,0,0,0,0,0,3,0,0,0,0,0,0,1,0,869,1468,59.2,27614
Loris Karius,de GER,GK,Newcastle Utd,30,1993,1,1,90,1,0,0,0,0,0,0,0,0,0,0,0,0,0,0,0,21,37,56.8,507
Michael Keane,eng ENG,DF,Everton,30,1993,9,4,439,4.9,1,0,1,1,0,0,2,0,0.7,0.7,0,0.7,4,14,3,171,221,77.4,3519
Thilo Kehrer,de GER,"DF,MF",West Ham,26,1996,4,0,22,0.2,0,0,0,0,0,0,2,0,0,0,0,0,0,1,1,9,9,100,86
Caoimhín Kelleher,ie IRL,GK,Liverpool,24,1998,10,10,900,10,0,0,0,0,0,0,0,0,0,0,0,0,0,1,0,359,442,81.2,8077
Lloyd Kelly,eng ENG,DF,Bournemouth,24,1998,23,17,"1,559",17.3,0,1,1,0,0,0,2,0,0.3,0.3,1.2,1.6,15,56,28,673,906,74.3,13526
Omari Kellyman,eng ENG,FW,Aston Villa,17,2005,2,0,37,0.4,0,0,0,0,0,0,0,0,0.1,0.1,0,0.1,1,0,0,6,7,85.7,78
Milos Kerkez,hu HUN,DF,Bournemouth,19,2003,28,22,"1,970",21.9,0,1,1,0,0,0,4,1,1.2,1.2,0.8,2,46,44,93,613,844,72.6,9811
Kaine Kesler-Hayden,eng ENG,"MF,DF",Aston Villa,20,2002,3,0,6,0.1,0,0,0,0,0,0,0,0,0,0,0,0,0,0,0,0,0,,0
Max Kilman,eng ENG,DF,Wolves,26,1997,38,38,"3,420",38,2,0,2,2,0,0,7,0,1.8,1.8,1.4,3.2,22,117,5,1979,2309,85.7,36846
Jakub Kiwior,pl POL,DF,Arsenal,23,2000,20,11,946,10.5,1,3,4,1,0,0,1,0,0.8,0.8,0.9,1.7,4,55,16,523,625,83.7,8555
Justin Kluivert,nl NED,"MF,FW",Bournemouth,24,1999,32,26,"1,916",21.3,7,1,8,7,0,0,5,0,6.2,6.2,1.9,8.1,65,50,114,288,421,68.4,4393
Luca Koleosho,it ITA,"MF,FW",Burnley,18,2004,15,13,974,10.8,1,1,2,1,0,0,0,0,2,2,1.3,3.3,53,19,82,192,274,70.1,2509
Ibrahima Konaté,fr FRA,DF,Liverpool,24,1999,22,17,"1,574",17.5,0,0,0,0,0,0,5,1,0.7,0.7,0.4,1.1,24,118,3,1286,1463,87.9,22733
Ezri Konsa,eng ENG,DF,Aston Villa,25,1997,35,35,"3,069",34.1,1,0,1,1,0,0,5,0,2.5,2.5,0.5,3,37,136,33,1907,2094,91.1,31947
Cheikhou Kouyaté,sn SEN,MF,Nott'ham Forest,33,1989,12,2,212,2.4,0,0,0,0,0,0,2,0,0.3,0.3,0,0.3,0,5,5,47,74,63.5,604
Mateo Kovačić,hr CRO,MF,Manchester City,29,1994,30,16,"1,551",17.2,1,0,1,1,0,0,4,0,1.3,1.3,1.6,2.9,37,100,38,1435,1527,94,20506
Emil Krafth,se SWE,DF,Newcastle Utd,28,1994,17,8,913,10.1,0,0,0,0,0,0,2,0,0.2,0.2,1,1.2,12,29,33,488,580,84.1,7498
Mohammed Kudus,gh GHA,"FW,MF",West Ham,22,2000,33,27,"2,484",27.6,8,6,14,8,0,0,6,0,5.1,5.1,3.5,8.6,117,80,216,677,875,77.4,11263
Dejan Kulusevski,se SWE,"FW,MF",Tottenham,23,2000,36,31,"2,762",30.7,8,3,11,8,0,0,7,0,4.7,4.7,7.7,12.4,151,144,388,953,1234,77.2,13509
Adam Lallana,eng ENG,"MF,FW",Brighton,35,1988,25,13,850,9.4,0,1,1,0,0,0,2,0,0.8,0.8,1.7,2.5,9,39,55,451,509,88.6,4936
Tariq Lamptey,gh GHA,"DF,FW",Brighton,22,2000,19,10,914,10.2,0,3,3,0,0,0,3,0,0.4,0.4,1.2,1.7,39,17,64,379,454,83.5,5485
Aymeric Laporte,es ESP,DF,Manchester City,29,1994,1,0,12,0.1,0,0,0,0,0,0,0,0,0,0,0,0,0,0,0,11,11,100,202
Yasser Larouci,dz ALG,DF,Sheffield Utd,22,2001,11,6,531,5.9,0,0,0,0,0,0,1,0,0.2,0.2,0.3,0.5,18,14,12,131,185,70.8,1969
Jamaal Lascelles,eng ENG,DF,Newcastle Utd,29,1993,16,13,"1,080",12,1,0,1,1,0,0,4,0,0.7,0.7,0.1,0.8,8,31,3,669,774,86.4,11616
Roméo Lavia,be BEL,MF,Chelsea,19,2004,1,0,33,0.4,0,0,0,0,0,0,0,0,0,0,0,0,0,1,0,22,27,81.5,350
Mario Lemina,ga GAB,MF,Wolves,29,1993,35,34,"2,968",33,4,1,5,4,0,0,12,1,4.6,4.6,1.5,6.2,32,76,49,1261,1470,85.8,20364
Clément Lenglet,fr FRA,DF,Aston Villa,28,1995,14,14,"1,153",12.8,0,1,1,0,0,0,3,0,0.9,0.9,0.8,1.6,26,51,1,822,918,89.5,15524
Bernd Leno,de GER,GK,Fulham,31,1992,38,38,"3,420",38,0,0,0,0,0,0,3,0,0,0,0,0,0,0,0,1250,1577,79.3,29886
Jefferson Lerma,co COL,"MF,DF",Crystal Palace,28,1994,28,27,"2,400",26.7,1,1,2,1,0,0,8,0,2.7,2.7,2.2,4.8,14,106,51,1018,1250,81.4,15825
Rico Lewis,eng ENG,"DF,MF",Manchester City,18,2004,16,8,809,9,2,0,2,2,0,0,1,0,0.6,0.6,1.1,1.8,21,33,46,518,568,91.2,7100
Keane Lewis-Potter,eng ENG,"FW,DF",Brentford,22,2001,30,15,"1,441",16,3,1,4,3,0,0,0,0,6.3,6.3,1.7,8,56,32,135,289,415,69.6,4218
Victor Lindelöf,se SWE,DF,Manchester Utd,29,1994,19,14,"1,328",14.8,1,1,2,1,0,0,2,0,0.8,0.8,0.3,1.1,17,40,17,826,927,89.1,13195
Valentino Livramento,eng ENG,DF,Newcastle Utd,20,2002,26,12,"1,314",14.6,1,0,1,1,0,0,1,0,0.4,0.4,0.8,1.2,44,61,76,689,802,85.9,10004
Giovani Lo Celso,ar ARG,MF,Tottenham,27,1996,22,4,506,5.6,2,2,4,2,0,0,2,0,0.6,0.6,1.9,2.5,25,68,29,449,503,89.3,6799
Tom Lockyer,wls WAL,DF,Luton Town,28,1994,14,14,"1,169",13,1,1,2,1,0,0,4,0,1.1,1.1,0.6,1.7,6,37,2,301,422,71.3,6628
Sean Longstaff,eng ENG,MF,Newcastle Utd,25,1997,35,30,"2,747",30.5,6,2,8,6,0,0,7,0,6.6,6.6,2.3,8.8,24,145,116,991,1241,79.9,15314
Max Lowe,eng ENG,"DF,MF",Sheffield Utd,26,1997,10,4,503,5.6,0,0,0,0,0,0,1,0,0.6,0.6,0.7,1.3,5,12,11,84,130,64.6,1242
Douglas Luiz,br BRA,MF,Aston Villa,25,1998,35,35,"2,993",33.3,9,5,14,5,4,4,12,0,6.9,3.8,5.4,9.2,60,168,50,1800,2101,85.7,31199
Saša Lukić,rs SRB,MF,Fulham,26,1996,24,13,"1,122",12.5,1,0,1,1,0,0,3,0,1.6,1.6,0.8,2.4,12,43,27,428,496,86.3,6753
Ian Maatsen,nl NED,"FW,MF",Chelsea,21,2002,12,1,209,2.3,0,0,0,0,0,0,1,0,0.8,0.8,0.1,0.9,9,8,15,97,138,70.3,1316
Alexis Mac Allister,ar ARG,MF,Liverpool,24,1998,33,31,"2,599",28.9,5,5,10,4,1,1,7,1,3.7,2.9,3.6,6.4,44,209,48,1704,1967,86.6,26565
James Maddison,eng ENG,MF,Tottenham,26,1996,28,26,"2,135",23.7,4,9,13,4,0,0,5,0,6.4,6.4,5.9,12.4,58,224,156,1210,1500,80.7,19513
Noni Madueke,eng ENG,FW,Chelsea,21,2002,23,13,"1,053",11.7,5,2,7,4,1,1,2,0,2.5,1.7,2.6,4.3,76,52,136,412,486,84.8,5511
Gabriel Magalhães,br BRA,DF,Arsenal,25,1997,36,34,"3,044",33.8,4,0,4,4,0,0,4,0,4.3,4.3,0.7,5,13,117,8,1914,2157,88.7,32123
Harry Maguire,eng ENG,DF,Manchester Utd,30,1993,22,18,"1,653",18.4,2,2,4,2,0,0,4,0,2,2,1.2,3.3,20,73,2,917,1103,83.1,16999
Kobbie Mainoo,eng ENG,MF,Manchester Utd,18,2005,24,24,"1,924",21.4,3,1,4,3,0,0,3,0,0.9,0.9,0.7,1.6,25,64,36,748,868,86.2,10519
Orel Mangala,be BEL,MF,Nott'ham Forest,25,1998,20,19,"1,563",17.4,1,0,1,1,0,0,6,0,0.8,0.8,0.2,1.1,13,45,14,570,646,88.2,9021
Benson Manuel,ao ANG,"MF,FW",Burnley,26,1997,8,1,116,1.3,0,0,0,0,0,0,0,0,0.1,0.1,0,0.1,5,2,14,48,59,81.4,693
Solly March,eng ENG,"FW,DF",Brighton,29,1994,7,7,554,6.2,3,1,4,3,0,0,1,0,2,2,1,2.9,14,24,44,203,261,77.8,3145
Anthony Martial,fr FRA,FW,Manchester Utd,27,1995,13,5,448,5,1,0,1,1,0,0,0,0,1.2,1.2,0.2,1.5,6,12,36,109,139,78.4,1267
Gabriel Martinelli,br BRA,FW,Arsenal,22,2001,35,24,"2,019",22.4,6,4,10,6,0,0,1,0,6.8,6.8,6.1,12.9,127,65,345,724,929,77.9,11003
Emiliano Martínez,ar ARG,GK,Aston Villa,30,1992,34,34,"3,015",33.5,0,0,0,0,0,0,4,0,0,0,0,0,0,2,0,1190,1436,82.9,28047
Lisandro Martínez,ar ARG,DF,Manchester Utd,25,1998,11,8,646,7.2,0,1,1,0,0,0,3,0,0,0,0.1,0.1,8,28,1,411,446,92.2,6870
Han-Noah Massengo,fr FRA,"MF,DF",Burnley,22,2001,3,0,16,0.2,0,0,0,0,0,0,0,0,0,0,0,0,2,0,0,6,12,50,74
Pape Matar Sarr,sn SEN,MF,Tottenham,20,2002,34,27,"2,069",23,3,3,6,3,0,0,9,0,3.4,3.4,2.2,5.7,43,150,90,1179,1349,87.4,17118
Jean-Philippe Mateta,fr FRA,FW,Crystal Palace,26,1997,35,25,"2,282",25.4,16,5,21,14,2,2,3,0,10.9,9.4,3.1,12.5,29,25,135,309,433,71.4,4043
Joël Matip,cm CMR,DF,Liverpool,31,1991,10,9,781,8.7,0,0,0,0,0,0,2,0,0.5,0.5,0.1,0.6,8,34,1,494,564,87.6,8687
Alex Matos,eng ENG,MF,Chelsea,18,2004,1,0,1,0,0,0,0,0,0,0,0,0,0,0,0,0,0,0,0,0,0,,0
Remi Matthews,eng ENG,GK,Crystal Palace,29,1994,1,0,4,0,0,0,0,0,0,0,0,0,0,0,0,0,0,0,0,0,5,0,0
Neal Maupay,fr FRA,FW,Brentford,26,1996,29,13,"1,321",14.7,6,3,9,6,0,0,8,0,5.7,5.7,2.3,8.1,21,37,91,282,392,71.9,4002
Neal Maupay,fr FRA,FW,Everton,26,1996,2,1,111,1.2,0,0,0,0,0,0,0,0,1.4,1.4,0.1,1.5,1,0,6,22,26,84.6,353
Konstantinos Mavropanos,gr GRE,DF,West Ham,25,1997,19,16,"1,500",16.7,1,0,1,1,0,0,2,0,1.2,1.2,0.2,1.4,10,38,2,482,635,75.9,9625
Bryan Mbeumo,cm CMR,FW,Brentford,23,1999,25,22,"1,960",21.8,9,6,15,6,3,3,2,0,9.8,7.4,4.6,12.1,74,88,195,511,765,66.8,7853
James Mcatee,eng ENG,"MF,FW",Sheffield Utd,20,2002,30,20,"1,822",20.2,3,3,6,2,1,1,2,0,3.1,2.3,2.9,5.2,56,51,110,362,530,68.3,5320
James Mcatee,eng ENG,MF,Manchester City,20,2002,1,0,1,0,0,0,0,0,0,0,0,0,0,0,0,0,0,0,0,0,0,,0
Oliver McBurnie,sct SCO,FW,Sheffield Utd,27,1996,21,15,"1,280",14.2,6,3,9,4,2,2,7,2,6.9,5.3,2,7.3,6,30,60,242,408,59.3,2917
James McConnell,eng ENG,MF,Liverpool,18,2004,3,0,4,0,0,0,0,0,0,0,0,0,0,0,0,0,0,1,0,5,6,83.3,93
John McGinn,sct SCO,"MF,FW",Aston Villa,28,1994,35,35,"2,999",33.3,6,4,10,6,0,0,9,1,5,5,4.6,9.6,59,189,84,972,1223,79.5,17953
Scott McKenna,sct SCO,DF,Nott'ham Forest,26,1996,5,5,416,4.6,0,0,0,0,0,0,0,0,0.2,0.2,0.2,0.4,1,10,0,137,186,73.7,2769
Dwight McNeil,eng ENG,"MF,FW",Everton,23,1999,35,33,"2,892",32.1,3,6,9,3,0,0,2,0,3.4,3.4,8.8,12.2,80,114,147,874,1266,69,14956
Scott McTominay,sct SCO,"MF,FW",Manchester Utd,26,1996,32,18,"1,901",21.1,7,1,8,7,0,0,2,0,5.7,5.7,0.8,6.6,29,64,47,528,655,80.6,7877
Ben Mee,eng ENG,DF,Brentford,33,1989,16,15,"1,272",14.1,2,0,2,2,0,0,1,1,1.5,1.5,0.3,1.8,11,49,9,511,667,76.6,9030
Hannibal Mejbri,tn TUN,"MF,FW",Manchester Utd,20,2003,5,1,133,1.5,1,0,1,1,0,0,1,0,0,0,0.4,0.4,2,6,10,31,38,81.6,442
Teden Mengi,eng ENG,DF,Luton Town,21,2002,30,28,"2,469",27.4,1,0,1,1,0,0,3,0,0.6,0.6,0.3,0.9,15,54,1,728,938,77.6,14286
Chris Mepham,wls WAL,DF,Bournemouth,25,1997,10,6,617,6.9,0,1,1,0,0,0,2,0,0.1,0.1,0.4,0.5,4,25,1,296,359,82.5,5965
Lewis Miley,eng ENG,MF,Newcastle Utd,17,2006,17,14,"1,202",13.4,1,3,4,1,0,0,1,0,1.2,1.2,1.7,2.9,14,53,54,441,535,82.4,6580
James Milner,eng ENG,"DF,MF",Brighton,37,1986,15,11,773,8.6,0,2,2,0,0,0,3,0,0.3,0.3,1.8,2,11,69,73,492,585,84.1,7622
Tyrone Mings,eng ENG,DF,Aston Villa,30,1993,1,1,30,0.3,0,0,0,0,0,0,0,0,0,0,0,0,0,0,0,5,5,100,119
Tyrick Mitchell,eng ENG,"DF,MF",Crystal Palace,23,1999,37,37,"3,204",35.6,2,3,5,2,0,0,6,0,1.6,1.6,2.8,4.4,32,94,159,1177,1627,72.3,18588
Kaoru Mitoma,jp JPN,FW,Brighton,26,1997,19,15,"1,486",16.5,3,4,7,3,0,0,4,0,3.5,3.5,2.7,6.2,121,64,239,509,650,78.3,6210
Aleksandar Mitrović,rs SRB,FW,Fulham,28,1994,1,0,33,0.4,0,0,0,0,0,0,0,0,0.2,0.2,0,0.2,0,1,0,4,8,50,78
Jakub Moder,pl POL,"MF,DF",Brighton,24,1999,17,6,618,6.9,0,0,0,0,0,0,2,0,0.6,0.6,0.8,1.3,10,23,26,243,304,79.9,3263
Gonzalo Montiel,ar ARG,DF,Nott'ham Forest,26,1997,14,8,801,8.9,0,2,2,0,0,0,5,0,0.1,0.1,1.4,1.5,9,28,32,292,386,75.6,4600
Kieffer Moore,wls WAL,"FW,MF",Bournemouth,30,1992,8,0,108,1.2,1,0,1,1,0,0,0,0,1.5,1.5,0.2,1.7,2,4,15,28,42,66.7,272
Mikey Moore,eng ENG,MF,Tottenham,15,2007,2,0,4,0,0,0,0,0,0,0,0,0,0,0,0,0,2,1,2,4,5,80,51
Álex Moreno,es ESP,DF,Aston Villa,30,1993,21,11,"1,031",11.5,2,0,2,2,0,0,2,0,1.1,1.1,1.1,2.3,32,24,83,428,542,79,6466
Carlton Morris,eng ENG,"FW,MF",Luton Town,27,1995,38,32,"2,862",31.8,11,4,15,6,5,5,4,0,11.4,7.5,2.8,10.2,37,56,120,484,751,64.4,6404
Mason Mount,eng ENG,"MF,FW",Manchester Utd,24,1999,14,5,516,5.7,1,0,1,1,0,0,2,0,0.4,0.4,0.3,0.7,9,21,34,179,219,81.7,2414
Divin Mubama,eng ENG,FW,West Ham,18,2004,5,0,80,0.9,0,0,0,0,0,0,0,0,0.1,0.1,0,0.1,0,0,5,16,22,72.7,200
Mykhailo Mudryk,ua UKR,FW,Chelsea,22,2001,31,18,"1,576",17.5,5,2,7,5,0,0,5,0,4.4,4.4,4.1,8.5,92,45,139,385,566,68,5618
Rodrigo Muniz,br BRA,FW,Fulham,22,2001,26,18,"1,593",17.7,9,1,10,9,0,0,1,0,8.7,8.7,2,10.7,8,19,76,136,222,61.3,2018
Daniel Muñoz,co COL,"DF,MF",Crystal Palace,27,1996,16,16,"1,439",16,0,4,4,0,0,0,4,0,1.2,1.2,2.4,3.7,25,38,80,561,720,77.9,7556
Finley Munroe,eng ENG,MF,Aston Villa,18,2005,1,0,4,0,0,0,0,0,0,0,0,0,0,0,0,0,0,0,0,1,1,100,16
Arijanet Muric,xk KVX,GK,Burnley,24,1998,10,10,900,10,0,0,0,0,0,0,0,0,0,0,0.2,0.2,0,1,0,404,585,69.1,11273
Murillo,br BRA,DF,Nott'ham Forest,21,2002,32,32,"2,789",31,0,2,2,0,0,0,5,0,1.8,1.8,1.2,3,22,89,7,1122,1459,76.9,22965
Alex Murphy,ie IRL,"DF,FW",Newcastle Utd,19,2004,2,0,13,0.1,0,0,0,0,0,0,0,0,0,0,0,0,0,1,0,17,17,100,275
Jacob Murphy,eng ENG,"FW,DF",Newcastle Utd,28,1995,21,14,"1,189",13.2,3,7,10,3,0,0,1,0,2.1,2.1,5,7.1,33,52,113,343,519,66.1,5229
Vitaliy Mykolenko,ua UKR,DF,Everton,24,1999,28,28,"2,469",27.4,2,0,2,2,0,0,1,0,1.5,1.5,0.9,2.4,14,55,68,869,1166,74.5,13579
Marvelous Nakamba,zw ZIM,MF,Luton Town,29,1994,13,13,"1,130",12.6,0,0,0,0,0,0,5,0,0.2,0.2,0.4,0.6,1,36,5,356,423,84.2,5622
Michael Ndiweni,eng ENG,FW,Newcastle Utd,19,2003,1,0,1,0,0,0,0,0,0,0,0,0,0,0,0,0,0,0,0,1,2,50,16
Reiss Nelson,eng ENG,FW,Arsenal,23,1999,15,1,268,3,0,0,0,0,0,0,1,0,0.2,0.2,0.6,0.8,9,5,26,127,144,88.2,1674
Zack Nelson,eng ENG,"MF,DF",Luton Town,18,2004,2,0,7,0.1,0,0,0,0,0,0,0,0,0,0,0,0,0,0,0,4,4,100,41
Neto,br BRA,GK,Bournemouth,34,1989,32,32,"2,880",32,0,0,0,0,0,0,5,0,0,0,0,0,0,0,0,692,1060,65.3,20318
Pedro Neto,pt POR,"FW,MF",Wolves,23,2000,20,18,"1,516",16.8,2,9,11,2,0,0,4,0,3.5,3.5,4.4,7.9,98,54,149,538,722,74.5,8269
Moussa Niakhate,sn SEN,DF,Nott'ham Forest,27,1996,21,15,"1,460",16.2,1,0,1,1,0,0,5,1,1.1,1.1,0.1,1.2,13,39,6,618,775,79.7,11445
Eddie Nketiah,eng ENG,FW,Arsenal,24,1999,27,10,"1,082",12,5,2,7,5,0,0,3,0,4.5,4.5,0.8,5.4,22,20,77,168,215,78.1,2332
Christopher Nkunku,fr FRA,"FW,MF",Chelsea,25,1997,11,2,443,4.9,3,0,3,3,0,0,0,0,2.3,2.3,0.2,2.5,10,19,35,159,183,86.9,2048
Rhys Norrington-Davies,wls WAL,DF,Sheffield Utd,24,1999,5,2,110,1.2,0,0,0,0,0,0,1,0,0,0,0,0,3,2,6,48,67,71.6,811
Oliver Norwood,nir NIR,MF,Sheffield Utd,32,1991,27,16,"1,440",16,1,0,1,0,1,1,8,0,1.1,0.3,0.6,0.9,3,73,10,634,911,69.6,12291
Matheus Nunes,pt POR,MF,Wolves,24,1998,2,2,179,2,0,0,0,0,0,0,2,1,0.1,0.1,0.1,0.2,7,8,9,87,106,82.1,1077
Matheus Nunes,pt POR,MF,Manchester City,24,1998,17,7,661,7.3,0,2,2,0,0,0,0,0,0.8,0.8,1.1,2,28,34,58,373,443,84.2,5054
Darwin Núñez,uy URU,FW,Liverpool,24,1999,36,22,"2,047",22.7,11,8,19,11,0,1,9,0,16.3,15.5,6,21.5,58,54,206,341,493,69.2,4780
Ethan Nwaneri,eng ENG,FW,Arsenal,16,2007,1,0,14,0.2,0,0,0,0,0,0,0,0,0,0,0,0,2,2,1,15,18,83.3,209
Christian Nørgaard,dk DEN,MF,Brentford,29,1994,31,30,"2,505",27.8,2,1,3,2,0,0,8,0,3.5,3.5,1.9,5.4,15,161,42,1199,1501,79.9,19114
Mark O'Mahony,ie IRL,FW,Brighton,18,2005,3,1,63,0.7,0,0,0,0,0,0,1,0,0.1,0.1,0,0.1,0,0,0,13,16,81.3,162
Dara O'Shea,ie IRL,DF,Burnley,24,1999,33,32,"2,892",32.1,3,4,7,3,0,0,5,1,0.7,0.7,2,2.7,32,122,10,1393,1759,79.2,27584
Michael Obafemi,ie IRL,"FW,MF",Burnley,23,2000,2,0,20,0.2,0,0,0,0,0,0,0,0,0.1,0.1,0,0.1,0,0,3,4,5,80,55
Wilson Odobert,fr FRA,"MF,FW",Burnley,18,2004,29,25,"2,098",23.3,3,2,5,3,0,0,3,0,2.8,2.8,3.3,6.1,102,58,123,446,584,76.4,6236
Odeluga Offiah,eng ENG,DF,Brighton,20,2002,4,1,128,1.4,0,0,0,0,0,0,0,0,0,0,0,0,9,4,9,63,80,78.8,851
Chiedozie Ogbene,ie IRL,"MF,DF",Luton Town,26,1997,30,20,"1,995",22.2,4,1,5,4,0,0,1,0,4.2,4.2,3.1,7.4,127,53,150,589,790,74.6,8171
Angelo Ogbonna,it ITA,DF,West Ham,35,1988,11,7,635,7.1,0,0,0,0,0,0,1,0,0,0,0,0,2,4,0,171,214,79.9,3291
Michael Olakigbe,eng ENG,"DF,FW",Brentford,19,2004,8,0,59,0.7,0,0,0,0,0,0,0,0,0.1,0.1,0,0.1,10,4,17,27,40,67.5,347
Michael Olise,fr FRA,"FW,MF",Crystal Palace,21,2001,19,14,"1,275",14.2,10,6,16,9,1,1,0,0,5.5,4.7,5.8,10.5,68,78,134,540,721,74.9,8557
Robin Olsen,se SWE,GK,Aston Villa,33,1990,5,4,405,4.5,0,0,0,0,0,0,0,0,0,0,0,0,0,0,0,165,203,81.3,3545
Andrew Omobamidele,ie IRL,DF,Nott'ham Forest,21,2002,11,8,783,8.7,0,0,0,0,0,0,2,0,0.1,0.1,0.1,0.2,1,8,0,271,310,87.4,5197
Amadou Onana,be BEL,MF,Everton,21,2001,30,23,"2,091",23.2,2,0,2,2,0,0,5,0,2,2,2.7,4.7,21,107,39,871,1036,84.1,14568
André Onana,cm CMR,GK,Manchester Utd,27,1996,38,38,"3,420",38,0,0,0,0,0,0,5,0,0,0,0.1,0.1,1,5,0,1105,1521,72.6,27115
Ryan One,sct SCO,FW,Sheffield Utd,17,2006,1,0,8,0.1,0,0,0,0,0,0,0,0,0,0,0,0,1,0,0,1,1,100,7
Tyler Onyango,eng ENG,MF,Everton,20,2003,1,0,1,0,0,0,0,0,0,0,0,0,0,0,0,0,0,0,0,0,0,,0
Fred Onyedinma,eng ENG,"DF,MF",Luton Town,26,1996,8,4,407,4.5,0,0,0,0,0,0,1,0,0.2,0.2,0.1,0.3,9,6,21,91,135,67.4,1431
Frank Onyeka,ng NGA,MF,Brentford,25,1998,26,11,"1,161",12.9,1,2,3,1,0,0,8,0,2.2,2.2,1.8,4,17,33,39,299,396,75.5,4662
Divock Origi,be BEL,FW,Nott'ham Forest,28,1995,20,6,606,6.7,0,1,1,0,0,0,1,0,1.4,1.4,2.1,3.5,19,14,41,92,144,63.9,1357
Stefan Ortega,de GER,GK,Manchester City,30,1992,9,5,635,7.1,0,0,0,0,0,0,0,0,0,0,0,0,0,0,0,213,266,80.1,4942
Ben Osborn,eng ENG,"DF,MF",Sheffield Utd,28,1994,24,14,"1,367",15.2,0,2,2,0,0,0,3,0,0.2,0.2,0.9,1.1,16,55,44,448,608,73.7,7007
Gabriel Osho,ng NGA,DF,Luton Town,24,1998,21,21,"1,846",20.5,2,0,2,2,0,0,3,0,1.1,1.1,0.1,1.2,10,37,4,580,706,82.2,10931
William Osula,dk DEN,FW,Sheffield Utd,19,2003,21,9,786,8.7,0,0,0,0,0,0,4,0,1.6,1.6,0.1,1.7,7,2,41,49,93,52.7,592
Dango Ouattara,bf BFA,"FW,DF",Bournemouth,21,2002,30,12,"1,229",13.7,1,2,3,1,0,0,3,0,2.6,2.6,1.5,4.1,47,35,90,371,558,66.5,5941
David Ozoh,eng ENG,"MF,DF",Crystal Palace,18,2005,9,0,156,1.7,0,0,0,0,0,0,1,0,0,0,0,0,2,4,3,48,51,94.1,695
João Palhinha,pt POR,MF,Fulham,28,1995,33,31,"2,699",30,4,1,5,4,0,0,13,0,3.3,3.3,0.8,4.1,8,97,14,1098,1333,82.4,19131
Cole Palmer,eng ENG,"FW,MF",Chelsea,21,2002,33,29,"2,607",29,22,11,33,13,9,9,7,0,18.2,11.1,11.1,22.2,117,197,195,1121,1415,79.2,18622
Cole Palmer,eng ENG,MF,Manchester City,21,2002,1,0,11,0.1,0,0,0,0,0,0,0,0,0,0,0,0,0,0,0,4,5,80,51
Emerson Palmieri,it ITA,DF,West Ham,28,1994,36,35,"3,137",34.9,1,2,3,1,0,0,10,0,1.5,1.5,2.4,3.9,59,125,124,1421,1745,81.4,19356
Lucas Paquetá,br BRA,"FW,MF",West Ham,25,1997,31,31,"2,622",29.1,4,6,10,2,2,2,10,0,5.4,3.8,5.4,9.2,34,187,116,1082,1465,73.9,16561
Ben Parkinson,eng ENG,FW,Newcastle Utd,18,2005,1,0,25,0.3,0,0,0,0,0,0,0,0,0,0,0,0,0,0,0,1,3,33.3,15
Thomas Partey,gh GHA,"MF,DF",Arsenal,30,1993,14,9,788,8.8,0,0,0,0,0,0,3,0,0.4,0.4,0.3,0.7,15,72,10,570,636,89.6,9177
Nathan Patterson,sct SCO,DF,Everton,21,2001,20,9,"1,005",11.2,0,2,2,0,0,0,4,0,0.3,0.3,1.7,2,17,38,39,393,550,71.5,6185
Myles Peart-Harris,eng ENG,"DF,MF",Brentford,20,2002,3,0,13,0.1,0,0,0,0,0,0,0,0,0,0,0,0,2,1,1,6,10,60,68
Sydie Peck,eng ENG,MF,Sheffield Utd,18,2004,1,0,10,0.1,0,0,0,0,0,0,0,0,0,0,0,0,0,0,0,1,1,100,10
Facundo Pellistri,uy URU,"FW,MF",Manchester Utd,21,2001,9,1,172,1.9,0,1,1,0,0,0,0,0,0.7,0.7,0.1,0.8,6,6,31,60,79,75.9,675
Andreas Pereira,br BRA,MF,Fulham,27,1996,37,34,"2,613",29,3,7,10,3,0,0,6,0,4.6,4.6,7.1,11.7,56,138,125,912,1295,70.4,16256
Ivan Perišić,hr CRO,FW,Tottenham,34,1989,5,0,103,1.1,0,1,1,0,0,0,2,0,0.1,0.1,0.9,1,15,9,17,53,76,69.7,828
Đorđe Petrović,rs SRB,GK,Chelsea,23,1999,23,22,"1,987",22.1,0,0,0,0,0,0,2,0,0,0,0,0,0,1,0,635,806,78.8,14560
Kalvin Phillips,eng ENG,MF,West Ham,27,1995,8,3,309,3.4,0,0,0,0,0,0,3,1,0.1,0.1,0,0.1,3,19,4,141,179,78.8,2507
Kalvin Phillips,eng ENG,MF,Manchester City,27,1995,4,0,93,1,0,0,0,0,0,0,0,0,0.1,0.1,0,0.1,7,7,3,62,70,88.6,1067
Jaden Philogene Bidace,eng ENG,FW,Aston Villa,21,2002,1,0,4,0,0,0,0,0,0,0,0,0,0,0,0,0,2,0,1,3,4,75,27
Jordan Pickford,eng ENG,GK,Everton,29,1994,38,38,"3,420",38,0,0,0,0,0,0,5,0,0,0,0.1,0.1,1,6,0,986,1576,62.6,33034
Ethan Pinnock,jm JAM,DF,Brentford,30,1993,29,28,"2,521",28,2,0,2,2,0,0,1,0,2,2,1,3,11,61,16,1192,1432,83.2,22546
Nick Pope,eng ENG,GK,Newcastle Utd,31,1992,15,15,"1,345",14.9,0,0,0,0,0,0,1,0,0,0,0,0,0,0,0,307,399,76.9,7910
Pedro Porro,es ESP,DF,Tottenham,23,1999,35,35,"3,089",34.3,3,7,10,3,0,0,3,0,2.9,2.9,7.2,10.1,57,194,158,1806,2369,76.2,27440
Jarell Quansah,eng ENG,DF,Liverpool,20,2003,17,13,"1,190",13.2,2,0,2,2,0,0,1,0,1,1,0.1,1.1,13,67,1,1038,1172,88.6,18672
Ionuț Radu,ro ROU,GK,Bournemouth,26,1997,2,2,180,2,0,0,0,0,0,0,0,0,0,0,0,0,0,0,0,56,68,82.4,1211
Jesurun Rak Sakyi,eng ENG,"MF,FW",Crystal Palace,20,2002,6,0,136,1.5,0,0,0,0,0,0,0,0,0.4,0.4,0.2,0.6,7,2,18,37,50,74,535
Aaron Ramsdale,eng ENG,GK,Arsenal,25,1998,6,6,540,6,0,0,0,0,0,0,0,0,0,0,0,0,0,2,0,131,188,69.7,3303
Aaron Ramsey,eng ENG,"MF,FW",Burnley,20,2003,14,5,527,5.9,0,0,0,0,0,0,1,0,0.3,0.3,0.4,0.7,8,8,17,118,151,78.1,1856
Jacob Ramsey,eng ENG,"FW,MF",Aston Villa,22,2001,16,8,853,9.5,1,1,2,1,0,0,2,0,2.2,2.2,1,3.2,33,28,69,257,322,79.8,3751
Marcus Rashford,eng ENG,FW,Manchester Utd,25,1997,33,26,"2,271",25.2,7,2,9,5,2,2,2,0,7.4,5.8,2.3,8.1,95,65,185,559,742,75.3,7674
David Raya,es ESP,GK,Arsenal,27,1995,32,32,"2,880",32,0,0,0,0,0,0,2,0,0,0,0,0,0,2,0,800,1068,74.9,19691
Tim Ream,us USA,DF,Fulham,35,1987,18,17,"1,503",16.7,1,0,1,1,0,0,4,1,1,1,0,1,11,65,3,944,1060,89.1,18892
Nathan Redmond,eng ENG,"FW,MF",Burnley,29,1994,12,0,142,1.6,0,0,0,0,0,0,1,0,0,0,0.3,0.3,7,8,22,48,73,65.8,723
Harrison Reed,eng ENG,MF,Fulham,28,1995,27,15,"1,325",14.7,0,2,2,0,0,0,6,0,0.3,0.3,1.1,1.4,10,56,40,627,748,83.8,9667
Sergio Reguilón,es ESP,DF,Manchester Utd,26,1996,9,4,412,4.6,0,0,0,0,0,0,3,0,0.2,0.2,0.7,0.9,11,27,38,244,314,77.7,3669
Sergio Reguilón,es ESP,DF,Brentford,26,1996,16,14,"1,118",12.4,0,4,4,0,0,0,4,1,0.8,0.8,2.8,3.6,34,38,40,351,522,67.2,6057
Bobby Reid,jm JAM,FW,Fulham,30,1993,33,17,"1,423",15.8,6,2,8,6,0,0,4,0,4.6,4.6,1.8,6.4,35,47,95,364,487,74.7,5129
Gio Reyna,us USA,"FW,MF",Nott'ham Forest,20,2002,9,2,235,2.6,0,1,1,0,0,0,0,0,0.3,0.3,0.5,0.8,3,12,14,118,140,84.3,1768
Rodrigo Ribeiro,pt POR,"MF,FW",Nott'ham Forest,18,2005,4,0,17,0.2,0,0,0,0,0,0,0,0,0,0,0,0,2,2,1,6,8,75,89
Declan Rice,eng ENG,MF,Arsenal,24,1999,38,37,"3,225",35.8,7,8,15,7,0,0,5,0,3.3,3.3,5.3,8.6,75,278,64,2041,2295,88.9,34242
Chris Richards,us USA,"DF,MF",Crystal Palace,23,2000,26,23,"2,094",23.3,1,1,2,1,0,0,3,0,0.6,0.6,0.4,1,1,43,1,778,942,82.6,13337
Richarlison,br BRA,FW,Tottenham,26,1997,28,18,"1,491",16.6,11,4,15,11,0,0,3,0,9.6,9.6,2.1,11.7,26,38,106,267,392,68.1,3761
Jaïro Riedewald,nl NED,"MF,FW",Crystal Palace,26,1996,9,2,235,2.6,0,0,0,0,0,0,0,0,0,0,0,0,3,10,3,87,113,77,1422
Matt Ritchie,sct SCO,"FW,MF",Newcastle Utd,33,1989,13,0,128,1.4,1,0,1,1,0,0,1,0,1,1,0,1,5,8,13,70,93,75.3,959
Connor Roberts,wls WAL,DF,Burnley,27,1995,14,8,823,9.1,0,1,1,0,0,0,5,1,0,0,0.2,0.2,6,38,13,395,495,79.8,6987
Andrew Robertson,sct SCO,DF,Liverpool,29,1994,23,18,"1,693",18.8,3,2,5,3,0,0,2,0,1.9,1.9,5.4,7.3,63,140,130,1248,1547,80.7,21306
Antonee Robinson,us USA,DF,Fulham,25,1997,37,37,"3,265",36.3,0,6,6,0,0,0,6,0,0.7,0.7,4.2,4.8,99,129,194,1514,2054,73.7,27304
Jack Robinson,eng ENG,DF,Sheffield Utd,29,1993,34,31,"2,885",32.1,1,1,2,1,0,0,10,0,1.2,1.2,1.2,2.4,8,63,14,895,1255,71.3,17482
Rodri,es ESP,MF,Manchester City,27,1996,34,34,"2,931",32.6,8,9,17,8,0,0,8,1,4.1,4.1,3.9,8,76,376,55,3365,3656,92,57256
Jay Rodriguez,eng ENG,FW,Burnley,34,1989,21,7,822,9.1,2,1,3,1,1,1,0,0,3.5,2.7,0.2,2.9,2,17,28,142,216,65.7,1958
Mads Roerslev,dk DEN,DF,Brentford,24,1999,34,22,"1,985",22.1,1,2,3,1,0,0,1,0,0.9,0.9,1.8,2.7,18,43,90,496,742,66.8,8448
Morgan Rogers,eng ENG,"MF,FW",Aston Villa,21,2002,11,8,638,7.1,3,1,4,3,0,0,3,0,1.4,1.4,0.6,2,22,28,30,147,195,75.4,2253
Cristian Romero,ar ARG,DF,Tottenham,25,1998,33,33,"2,790",31,5,0,5,5,0,0,7,1,3.5,3.5,0.4,3.9,32,179,8,2390,2606,91.7,41458
Joe Rothwell,eng ENG,MF,Bournemouth,28,1995,11,3,386,4.3,0,0,0,0,0,0,0,0,0.1,0.1,0.2,0.3,6,20,3,179,216,82.9,3185
Pelly Ruddock Mpanzu,cd COD,MF,Luton Town,30,1993,27,11,"1,101",12.2,0,0,0,0,0,0,1,0,0.6,0.6,0.4,1.1,10,34,15,268,364,73.6,4413
José Sá,pt POR,GK,Wolves,30,1993,35,35,"3,037",33.7,0,1,1,0,0,0,1,0,0,0,0,0,0,1,0,720,1097,65.6,17257
Dominic Sadi,eng ENG,FW,Bournemouth,19,2003,1,0,1,0,0,0,0,0,0,0,0,0,0,0,0,0,0,0,0,0,1,0,0
Bukayo Saka,eng ENG,FW,Arsenal,21,2001,35,35,"2,919",32.4,16,9,25,10,6,6,4,0,15.5,10.8,10.5,21.2,155,126,508,1143,1512,75.6,16891
Mohamed Salah,eg EGY,FW,Liverpool,31,1992,32,28,"2,534",28.2,18,10,28,13,5,7,2,0,21.2,15.5,11.8,27.3,98,147,341,737,1010,73,10826
William Saliba,fr FRA,DF,Arsenal,22,2001,38,38,"3,420",38,2,1,3,2,0,0,4,0,1.6,1.6,0.2,1.8,16,157,6,2635,2851,92.4,43599
Albert Sambi Lokonga,be BEL,MF,Luton Town,23,1999,17,16,"1,303",14.5,1,3,4,1,0,0,4,0,0.6,0.6,1.4,2,29,72,13,669,766,87.3,11099
Davinson Sánchez,co COL,DF,Tottenham,27,1996,1,0,77,0.9,0,0,0,0,0,0,1,0,0.1,0.1,0,0.1,0,2,0,68,75,90.7,1045
Robert Sánchez,es ESP,GK,Chelsea,25,1997,16,16,"1,433",15.9,0,0,0,0,0,0,2,0,0,0,0,0,0,1,0,500,609,82.1,11860
Jadon Sancho,eng ENG,"FW,MF",Manchester Utd,23,2000,3,0,79,0.9,0,0,0,0,0,0,0,0,0,0,0.1,0.1,10,4,5,34,43,79.1,446
Ibrahim Sangaré,ci CIV,MF,Nott'ham Forest,25,1997,17,13,"1,035",11.5,0,0,0,0,0,0,6,0,0.6,0.6,0.4,1,5,44,7,339,425,79.8,5477
Andrey Santos,br BRA,MF,Nott'ham Forest,19,2004,1,0,8,0.1,0,0,0,0,0,0,0,0,0.1,0.1,0,0.1,0,0,0,6,6,100,90
Pablo Sarabia,es ESP,"MF,FW",Wolves,31,1992,30,20,"1,745",19.4,4,7,11,2,2,2,5,0,5.5,3.9,5.9,9.8,41,109,137,684,976,70.1,11034
Dane Scarlett,eng ENG,FW,Tottenham,19,2004,4,0,22,0.2,0,0,0,0,0,0,0,0,0,0,0,0,0,1,4,2,3,66.7,25
Kevin Schade,de GER,"FW,MF",Brentford,21,2001,11,3,333,3.7,2,1,3,2,0,0,0,0,1.2,1.2,0.7,1.9,8,9,23,58,95,61.1,819
Fabian Schär,ch SUI,DF,Newcastle Utd,31,1991,36,35,"3,054",33.9,4,1,5,4,0,0,5,0,2.5,2.5,0.7,3.3,28,133,20,1762,2128,82.8,36227
Jeffrey Schlupp,gh GHA,"FW,MF",Crystal Palace,30,1992,29,17,"1,352",15,2,2,4,2,0,0,1,0,1.8,1.8,2.3,4.1,20,33,52,247,334,74,3498
Alex Scott,eng ENG,MF,Bournemouth,19,2003,23,11,"1,014",11.3,1,1,2,1,0,0,3,0,0.7,0.7,1.7,2.4,24,50,35,361,474,76.2,5733
Matz Sels,be BEL,GK,Nott'ham Forest,31,1992,16,16,"1,440",16,0,0,0,0,0,0,1,0,0,0,0.1,0.1,0,0,0,263,378,69.6,7689
Nélson Semedo,pt POR,"DF,MF",Wolves,29,1993,36,36,"3,084",34.3,0,1,1,0,0,0,10,1,1.3,1.3,1.7,3,103,138,150,1474,1849,79.7,21759
Antoine Semenyo,gh GHA,FW,Bournemouth,23,2000,33,25,"2,105",23.4,8,2,10,8,0,0,6,0,4.6,4.6,3.2,7.8,89,64,188,452,647,69.9,6944
Marcos Senesi,ar ARG,DF,Bournemouth,26,1997,31,26,"2,242",24.9,4,5,9,4,0,0,13,0,2,2,1.7,3.7,31,127,4,1005,1297,77.5,21763
Luke Shaw,eng ENG,DF,Manchester Utd,28,1995,12,12,959,10.7,0,0,0,0,0,0,6,0,0,0,1,1,10,45,30,531,648,81.9,8242
James Shea,eng ENG,GK,Luton Town,32,1991,1,0,15,0.2,0,0,0,0,0,0,0,0,0,0,0,0,0,0,0,6,9,66.7,239
Bernardo Silva,pt POR,"MF,FW",Manchester City,28,1994,33,29,"2,578",28.6,6,9,15,6,0,0,8,0,3.7,3.7,7.6,11.3,140,177,260,1671,1936,86.3,25138
Fábio Silva,pt POR,FW,Wolves,21,2002,8,3,264,2.9,0,0,0,0,0,0,2,0,1,1,0.2,1.2,5,10,13,61,76,80.3,779
Thiago Silva,br BRA,DF,Chelsea,38,1984,31,28,"2,527",28.1,3,1,4,3,0,0,4,0,0.8,0.8,1,1.8,2,102,5,2166,2287,94.7,38542
Luis Sinisterra,co COL,"FW,MF",Bournemouth,24,1999,20,7,699,7.8,2,2,4,2,0,0,0,0,2.5,2.5,2.4,5,51,38,85,226,292,77.4,3223
Oliver Skipp,eng ENG,"MF,DF",Tottenham,22,2000,21,5,707,7.9,0,0,0,0,0,0,3,0,0.7,0.7,0.6,1.3,8,37,25,351,383,91.6,5258
Adam Smith,eng ENG,DF,Bournemouth,32,1991,28,25,"2,150",23.9,0,2,2,0,0,0,6,0,0.1,0.1,1.3,1.4,24,89,28,782,1025,76.3,12722
Emile Smith Rowe,eng ENG,MF,Arsenal,23,2000,13,3,353,3.9,0,1,1,0,0,0,0,0,2,2,0.2,2.2,11,23,18,188,213,88.3,2449
Cédric Soares,pt POR,DF,Arsenal,31,1991,3,0,62,0.7,0,0,0,0,0,0,0,0,0,0,0,0,0,3,6,60,69,87,905
Dominic Solanke,eng ENG,FW,Bournemouth,25,1997,38,37,"3,325",36.9,19,3,22,17,2,3,3,0,19.6,17.2,3,20.3,52,60,184,400,544,73.5,5026
Manor Solomon,il ISR,FW,Tottenham,24,1999,5,2,199,2.2,0,2,2,0,0,0,1,0,0.4,0.4,0.8,1.2,17,11,44,78,90,86.7,1105
Tomáš Souček,cz CZE,MF,West Ham,28,1995,37,34,"2,870",31.9,7,2,9,7,0,0,7,0,6.7,6.7,1.7,8.4,7,86,39,722,962,75.1,11368
Vinicius Souza,br BRA,MF,Sheffield Utd,24,1999,36,29,"2,668",29.6,1,0,1,1,0,0,3,0,0.6,0.6,0.2,0.9,8,66,21,790,995,79.4,12856
Jason Steele,eng ENG,GK,Brighton,32,1990,17,17,"1,530",17,0,0,0,0,0,0,0,0,0,0,0,0,0,0,0,570,673,84.7,12217
Raheem Sterling,eng ENG,"FW,MF",Chelsea,28,1994,31,22,"1,978",22,8,4,12,8,0,0,7,0,6.5,6.5,4.5,11,120,78,242,538,728,73.9,7091
John Stones,eng ENG,"DF,MF",Manchester City,29,1994,16,12,"1,064",11.8,1,0,1,1,0,0,2,0,1,1,0.2,1.3,16,57,24,781,839,93.1,12375
Thomas Strakosha,al ALB,GK,Brentford,28,1995,2,1,135,1.5,0,0,0,0,0,0,0,0,0,0,0,0,0,0,0,52,71,73.2,1509
Dominik Szoboszlai,hu HUN,MF,Liverpool,22,2000,33,25,"2,104",23.4,3,2,5,3,0,0,1,0,3.7,3.7,5.8,9.5,75,152,160,1280,1550,82.6,20367
Matt Targett,eng ENG,DF,Newcastle Utd,27,1995,3,1,78,0.9,0,0,0,0,0,0,1,0,0,0,0,0,1,2,0,36,41,87.8,657
James Tarkowski,eng ENG,DF,Everton,30,1992,38,38,"3,419",38,1,1,2,1,0,0,11,0,2.6,2.6,2.5,5.1,15,130,20,1195,1550,77.1,25219
Jimi Tauriainen,eng ENG,FW,Chelsea,19,2004,1,0,1,0,0,0,0,0,0,0,0,0,0,0,0,0,0,0,0,0,0,,0
Nuno Tavares,pt POR,DF,Nott'ham Forest,23,2000,8,5,457,5.1,0,0,0,0,0,0,2,0,0.2,0.2,0.5,0.7,14,24,12,201,274,73.4,2954
Marcus Tavernier,eng ENG,FW,Bournemouth,24,1999,30,25,"2,118",23.5,3,4,7,3,0,0,3,0,3.9,3.9,5.2,9.1,79,84,171,658,920,71.5,10699
Charlie Taylor,eng ENG,DF,Burnley,29,1993,28,25,"2,331",25.9,1,1,2,1,0,0,8,0,0.2,0.2,1.2,1.5,36,82,81,995,1312,75.8,16535
Kenny Tete,nl NED,DF,Fulham,27,1995,14,10,867,9.6,1,0,1,1,0,0,2,0,0.9,0.9,0.4,1.2,20,54,38,418,523,79.9,6413
Luke Thomas,eng ENG,DF,Sheffield Utd,22,2001,12,11,917,10.2,0,0,0,0,0,0,3,0,0.5,0.5,0.1,0.6,8,33,22,234,319,73.4,3866
Youri Tielemans,be BEL,"MF,FW",Aston Villa,26,1997,32,17,"1,622",18,2,6,8,2,0,0,3,0,1.3,1.3,2.6,3.9,23,128,46,789,949,83.1,12925
Jurriën Timber,nl NED,DF,Arsenal,22,2001,2,1,71,0.8,0,0,0,0,0,0,2,0,0,0,0,0,0,8,5,66,74,89.2,982
Harry Toffolo,eng ENG,DF,Nott'ham Forest,27,1995,23,15,"1,459",16.2,1,3,4,1,0,0,3,0,1.6,1.6,1.5,3.2,10,42,34,424,590,71.9,6959
Takehiro Tomiyasu,jp JPN,DF,Arsenal,24,1998,22,10,"1,149",12.8,2,1,3,2,0,0,2,1,1.5,1.5,0.4,1.9,17,72,37,574,697,82.4,8941
James Tomkins,eng ENG,DF,Crystal Palace,34,1989,4,0,10,0.1,0,0,0,0,0,0,0,0,0,0,0,0,0,1,0,18,21,85.7,362
Sandro Tonali,it ITA,MF,Newcastle Utd,23,2000,8,5,438,4.9,1,0,1,1,0,0,2,0,0.7,0.7,0.6,1.3,11,19,21,241,280,86.1,3776
Ivan Toney,eng ENG,FW,Brentford,27,1996,17,16,"1,450",16.1,4,2,6,4,0,0,5,0,6,6,1.5,7.4,23,40,98,228,426,53.5,2972
Pau Torres,es ESP,DF,Aston Villa,26,1997,29,27,"2,464",27.4,2,0,2,2,0,0,1,0,1,1,0.4,1.4,42,128,16,1562,1788,87.4,29096
Andros Townsend,eng ENG,"MF,FW",Luton Town,32,1991,27,14,"1,210",13.4,1,3,4,1,0,0,1,0,1.2,1.2,1.3,2.5,47,35,71,304,432,70.4,5162
James Trafford,eng ENG,GK,Burnley,20,2002,28,28,"2,520",28,0,0,0,0,0,0,2,0,0,0,0,0,0,6,0,1009,1541,65.5,23601
Adama Traoré,es ESP,"FW,MF",Fulham,27,1996,17,1,377,4.2,2,3,5,2,0,0,2,0,1.5,1.5,0.7,2.2,29,16,48,97,139,69.8,1487
Bénie Traoré,ci CIV,"FW,MF",Sheffield Utd,20,2002,8,3,387,4.3,0,0,0,0,0,0,0,0,0.3,0.3,0.5,0.8,7,9,14,55,71,77.5,775
Bertrand Traoré,bf BFA,"DF,FW",Aston Villa,27,1995,2,0,11,0.1,0,0,0,0,0,0,0,0,0,0,0,0,0,0,0,2,3,66.7,15
Boubacar Traoré,ml MLI,MF,Wolves,21,2001,24,7,819,9.1,0,0,0,0,0,0,4,0,0.3,0.3,0.4,0.7,9,29,15,383,455,84.2,5849
Mark Travers,ie IRL,GK,Bournemouth,24,1999,4,4,360,4,0,0,0,0,0,0,0,0,0,0,0,0,0,0,0,67,118,56.8,2248
Mike Trésor,be BEL,"FW,MF",Burnley,24,1999,16,3,420,4.7,0,0,0,0,0,0,0,0,0.5,0.5,0.4,0.9,15,10,31,120,180,66.7,1614
Kieran Trippier,eng ENG,DF,Newcastle Utd,32,1990,28,26,"2,236",24.8,1,10,11,1,0,0,5,0,0.7,0.7,7.5,8.2,34,157,128,1624,2130,76.2,29797
Leandro Trossard,be BEL,"FW,MF",Arsenal,28,1994,34,18,"1,649",18.3,12,1,13,12,0,0,2,0,7.9,7.9,2.8,10.7,66,76,155,494,673,73.4,7666
Auston Trusty,us USA,DF,Sheffield Utd,24,1998,32,28,"2,572",28.6,0,0,0,0,0,0,4,0,0.4,0.4,1.1,1.5,10,40,15,700,918,76.3,12288
Kostas Tsimikas,gr GRE,DF,Liverpool,27,1996,13,8,679,7.5,0,3,3,0,0,0,0,0,0.1,0.1,1,1.1,24,31,73,383,500,76.6,6585
Matt Turner,us USA,GK,Nott'ham Forest,29,1994,17,17,"1,530",17,0,0,0,0,0,0,2,0,0,0,0,0,0,0,0,398,578,68.9,12363
Destiny Udogie,it ITA,DF,Tottenham,20,2002,28,28,"2,391",26.6,2,3,5,2,0,0,7,1,2.4,2.4,2.2,4.6,83,155,138,1235,1440,85.8,16731
Lesley Ugochukwu,fr FRA,MF,Chelsea,19,2004,12,3,301,3.3,0,0,0,0,0,0,2,0,0,0,0.1,0.1,8,17,3,155,183,84.7,2510
Enes Ünal,tr TUR,"FW,MF",Bournemouth,26,1997,16,2,328,3.6,2,2,4,2,0,0,1,0,2.9,2.9,1,3.9,4,7,28,55,75,73.3,698
Virgil van Dijk,nl NED,DF,Liverpool,32,1991,36,36,"3,177",35.3,2,2,4,2,0,0,3,1,2.8,2.8,1.6,4.4,32,200,7,2640,2887,91.4,49290
Raphaël Varane,fr FRA,DF,Manchester Utd,30,1993,22,16,"1,375",15.3,1,0,1,1,0,0,2,0,1.3,1.3,0.1,1.3,16,59,2,694,781,88.9,11976
Alejo Véliz,ar ARG,FW,Tottenham,19,2003,8,0,50,0.6,1,0,1,1,0,0,1,0,0.2,0.2,0,0.2,0,1,3,5,10,50,91
Joël Veltman,nl NED,DF,Brighton,31,1992,27,17,"1,588",17.6,1,1,2,1,0,0,4,0,0.4,0.4,0.5,0.9,24,85,54,758,906,83.7,12317
Micky van de Ven,nl NED,DF,Tottenham,22,2001,27,27,"2,339",26,3,0,3,3,0,0,5,0,0.6,0.6,0,0.6,19,108,9,1698,1810,93.8,29840
Bart Verbruggen,nl NED,GK,Brighton,20,2002,21,21,"1,890",21,0,0,0,0,0,0,3,0,0,0,0,0,0,3,0,753,862,87.4,14982
Guglielmo Vicario,it ITA,GK,Tottenham,26,1996,38,38,"3,420",38,0,0,0,0,0,0,2,0,0,0,0,0,0,3,0,1335,1569,85.1,25924
Fabio Vieira,pt POR,"MF,FW",Arsenal,23,2000,11,2,297,3.3,1,2,3,0,1,1,0,1,1.3,0.5,1.6,2.1,12,15,30,122,150,81.3,1969
Carlos Vinícius,br BRA,FW,Fulham,28,1995,13,2,315,3.5,2,0,2,2,0,0,2,0,1.6,1.6,0.8,2.4,3,3,13,46,62,74.2,587
Vitinho,br BRA,"DF,MF",Burnley,24,1999,32,26,"2,314",25.7,0,2,2,0,0,0,1,0,1.6,1.6,1.3,2.9,59,66,110,715,994,71.9,11588
Odisseas Vlachodimos,gr GRE,GK,Nott'ham Forest,29,1994,5,5,450,5,0,0,0,0,0,0,0,0,0,0,0,0,0,1,0,141,176,80.1,3965
Kyle Walker,eng ENG,DF,Manchester City,33,1990,32,30,"2,767",30.7,0,4,4,0,0,0,2,0,0.4,0.4,2.6,3,74,157,172,2128,2404,88.5,36091
Aaron Wan-Bissaka,eng ENG,DF,Manchester Utd,25,1997,22,20,"1,780",19.8,0,2,2,0,0,0,4,0,0.1,0.1,1.5,1.6,30,77,54,823,986,83.5,10824
Joel Ward,eng ENG,DF,Crystal Palace,33,1989,26,23,"1,980",22,0,1,1,0,0,0,4,0,0.9,0.9,0.2,1.1,16,66,14,715,944,75.7,11829
James Ward-Prowse,eng ENG,MF,West Ham,28,1994,37,34,"3,001",33.3,7,7,14,5,2,2,4,0,6,4.4,7.8,12.3,18,144,63,1386,1672,82.9,23288
Lewis Warrington,eng ENG,FW,Everton,20,2002,1,0,1,0,0,0,0,0,0,0,0,0,0,0,0,0,0,0,0,2,2,100,53
Deivid Washington,br BRA,"DF,FW",Chelsea,18,2005,2,0,13,0.1,0,0,0,0,0,0,0,0,0.5,0.5,0,0.5,0,0,1,1,1,100,25
Ollie Watkins,eng ENG,FW,Aston Villa,27,1995,37,37,"3,217",35.7,19,13,32,19,0,0,4,0,16.8,16.8,7.3,24.2,62,55,214,459,609,75.4,5830
Adam Webster,eng ENG,DF,Brighton,28,1995,15,13,"1,144",12.7,0,0,0,0,0,0,2,0,0.4,0.4,0.1,0.6,16,80,2,997,1096,91,16938
Danny Welbeck,eng ENG,"FW,MF",Brighton,32,1990,29,21,"1,693",18.8,5,1,6,5,0,0,4,0,5.3,5.3,1.7,7,32,44,100,423,515,82.1,4847
Timo Werner,de GER,FW,Tottenham,27,1996,13,10,809,9,2,3,5,2,0,0,1,0,3.7,3.7,2.7,6.4,79,41,124,281,366,76.8,4049
Adam Wharton,eng ENG,MF,Crystal Palace,19,2004,16,15,"1,297",14.4,0,3,3,0,0,0,2,0,0.3,0.3,2.4,2.8,14,79,10,464,596,77.9,8091
Ethan Wheatley,eng ENG,FW,Manchester Utd,17,2006,3,0,16,0.2,0,0,0,0,0,0,0,0,0,0,0,0,0,0,1,0,0,,0
Ben White,eng ENG,DF,Arsenal,25,1997,37,35,"2,988",33.2,4,4,8,4,0,0,8,0,1.2,1.2,3.8,5,44,192,162,1828,2177,84,28002
Joe White,eng ENG,MF,Newcastle Utd,20,2002,4,0,13,0.1,0,0,0,0,0,0,1,0,0,0,0,0,2,3,3,11,12,91.7,172
Neco Williams,wls WAL,DF,Nott'ham Forest,22,2001,26,18,"1,637",18.2,0,1,1,0,0,0,4,0,0.8,0.8,1.6,2.5,48,47,86,519,785,66.1,8061
Willian,br BRA,FW,Fulham,34,1988,31,24,"2,053",22.8,4,2,6,2,2,2,1,0,5.1,3.6,3.9,7.5,92,153,181,932,1145,81.4,16128
Joe Willock,eng ENG,MF,Newcastle Utd,23,1999,9,5,419,4.7,1,0,1,1,0,0,0,0,0.8,0.8,0.6,1.4,16,17,26,136,164,82.9,2092
Callum Wilson,eng ENG,FW,Newcastle Utd,31,1992,20,9,991,11,9,1,10,7,2,2,3,0,8.8,7.2,0.6,7.8,11,9,77,105,163,64.4,1266
Harry Wilson,wls WAL,FW,Fulham,26,1997,35,16,"1,620",18,4,6,10,4,0,0,6,0,3.4,3.4,3.5,6.8,41,60,130,478,632,75.6,7538
Yoane Wissa,cd COD,FW,Brentford,26,1996,34,29,"2,493",27.7,12,3,15,12,0,0,7,0,10.6,10.6,3.9,14.5,45,48,150,327,462,70.8,4297
Chris Wood,nz NZL,FW,Nott'ham Forest,31,1991,31,20,"1,812",20.1,14,1,15,14,0,0,0,0,11.9,11.9,2.1,14,16,30,76,278,433,64.2,3403
Cauley Woodrow,eng ENG,"FW,MF",Luton Town,28,1994,24,2,427,4.7,1,1,2,1,0,0,2,0,1.4,1.4,1.2,2.6,7,6,22,110,152,72.4,1530
Joe Worrall,eng ENG,DF,Nott'ham Forest,26,1997,7,5,439,4.9,0,0,0,0,0,0,0,1,0.1,0.1,0.2,0.3,0,8,1,138,164,84.1,2910
Yehor Yarmoliuk,ua UKR,MF,Brentford,19,2004,27,6,688,7.6,0,0,0,0,0,0,2,0,1,1,0.1,1.1,13,35,36,221,298,74.2,3416
Ryan Yates,eng ENG,MF,Nott'ham Forest,25,1997,35,21,"1,992",22.1,1,1,2,1,0,0,6,0,2.6,2.6,0.8,3.5,18,73,37,659,829,79.5,10612
Ashley Young,eng ENG,"DF,MF",Everton,38,1985,31,27,"2,280",25.3,0,0,0,0,0,0,7,1,0.6,0.6,1.5,2.1,40,82,61,723,1052,68.7,12752
Illia Zabarnyi,ua UKR,DF,Bournemouth,20,2002,37,37,"3,330",37,1,0,1,1,0,0,5,0,1.1,1.1,0.4,1.5,24,109,1,1471,1805,81.5,30757
Nicolò Zaniolo,it ITA,"FW,MF",Aston Villa,24,1999,25,9,839,9.3,2,0,2,2,0,0,7,0,2.6,2.6,1,3.6,35,30,60,150,228,65.8,2141
Anass Zaroury,ma MAR,"FW,MF",Burnley,22,2000,6,1,152,1.7,0,0,0,0,0,0,0,1,0.2,0.2,0,0.2,2,2,12,43,70,61.4,714
Oleksandr Zinchenko,ua UKR,DF,Arsenal,26,1996,27,20,"1,722",19.1,1,2,3,1,0,0,2,0,0.6,0.6,2.5,3.1,40,229,58,1374,1568,87.6,23132
Kurt Zouma,fr FRA,DF,West Ham,28,1994,33,32,"2,838",31.5,3,0,3,3,0,0,3,0,1.8,1.8,0.2,2,7,53,1,962,1148,83.8,18843
Martin Ødegaard,no NOR,MF,Arsenal,24,1998,35,35,"3,091",34.3,8,10,18,6,2,2,2,0,7.4,5.8,9.6,15.5,91,344,202,1692,2006,84.3,25780
